model,MT,SN,kick,alpha_CE,birth_rate_Myr-1,merger_rate_Myr-1,log10_merger_rate,merger_rate_Gpc^-3_yr^-1
MTISNAk20150α0.1,I,A,k20150,0.1,9.39,5.78,0.7619,67.626
MTISNAk20150α0.5,I,A,k20150,0.5,17.88,11.27,1.0519,131.859
MTISNAk20150α1,I,A,k20150,1,18.03,10.7,1.0294,125.19
MTISNAk20150α2,I,A,k20150,2,24.5,13,1.1139,152.1
MTISNAk20150α5,I,A,k20150,5,47.08,33.46,1.5245,391.482
MTISNAk20150α10,I,A,k20150,10,54.88,36.6,1.5635,428.22
MTISNAk20300α0.1,I,A,k20300,0.1,5.06,3.21,0.5065,37.557
MTISNAk20300α0.5,I,A,k20300,0.5,7.49,5.09,0.7067,59.553
MTISNAk20300α1,I,A,k20300,1,7.08,4.54,0.6571,53.118
MTISNAk20300α2,I,A,k20300,2,10.19,6.3,0.7993,73.71
MTISNAk20300α5,I,A,k20300,5,17.5,13.07,1.1163,152.919
MTISNAk20300α10,I,A,k20300,10,17.84,12.52,1.0976,146.484
MTISNAk40150α0.1,I,A,k40150,0.1,8.04,5.48,0.7388,64.116
MTISNAk40150α0.5,I,A,k40150,0.5,16.1,10.77,1.0322,126.009
MTISNAk40150α1,I,A,k40150,1,16.1,10.23,1.0099,119.691
MTISNAk40150α2,I,A,k40150,2,23.26,13.19,1.1202,154.323
MTISNAk40150α5,I,A,k40150,5,44.8,33.09,1.5197,387.153
MTISNAk40150α10,I,A,k40150,10,52.4,36.55,1.5629,427.635
MTISNAk40300α0.1,I,A,k40300,0.1,3.96,2.99,0.4757,34.983
MTISNAk40300α0.5,I,A,k40300,0.5,6.14,4.81,0.6821,56.277
MTISNAk40300α1,I,A,k40300,1,5.65,4.27,0.6304,49.959
MTISNAk40300α2,I,A,k40300,2,8.57,6.14,0.7882,71.838
MTISNAk40300α5,I,A,k40300,5,15.33,12.64,1.1017,147.888
MTISNAk40300α10,I,A,k40300,10,15.72,12.38,1.0927,144.846
MTISNBk20150α0.1,I,B,k20150,0.1,13.44,6.91,0.8395,80.847
MTISNBk20150α0.5,I,B,k20150,0.5,27.43,12.56,1.099,146.952
MTISNBk20150α1,I,B,k20150,1,30.24,12.58,1.0997,147.186
MTISNBk20150α2,I,B,k20150,2,42.44,15.76,1.1976,184.392
MTISNBk20150α5,I,B,k20150,5,72.9,39.59,1.5976,463.203
MTISNBk20150α10,I,B,k20150,10,86.86,42.52,1.6286,497.484
MTISNBk20300α0.1,I,B,k20300,0.1,9.66,4.64,0.6665,54.288
MTISNBk20300α0.5,I,B,k20300,0.5,17.32,7.12,0.8525,83.304
MTISNBk20300α1,I,B,k20300,1,19.39,7.02,0.8463,82.134
MTISNBk20300α2,I,B,k20300,2,27.2,9.45,0.9754,110.565
MTISNBk20300α5,I,B,k20300,5,44.33,21.22,1.3267,248.274
MTISNBk20300α10,I,B,k20300,10,50.08,20.71,1.3162,242.307
MTISNBk40150α0.1,I,B,k40150,0.1,9.43,6.04,0.781,70.668
MTISNBk40150α0.5,I,B,k40150,0.5,20.54,11.48,1.0599,134.316
MTISNBk40150α1,I,B,k40150,1,22.13,11.46,1.0592,134.082
MTISNBk40150α2,I,B,k40150,2,32.19,14.48,1.1608,169.416
MTISNBk40150α5,I,B,k40150,5,58.86,37.2,1.5705,435.24
MTISNBk40150α10,I,B,k40150,10,70.8,41.3,1.616,483.21
MTISNBk40300α0.1,I,B,k40300,0.1,5.6,3.73,0.5717,43.641
MTISNBk40300α0.5,I,B,k40300,0.5,10.94,6.29,0.7987,73.593
MTISNBk40300α1,I,B,k40300,1,11.64,5.98,0.7767,69.966
MTISNBk40300α2,I,B,k40300,2,17.6,8.37,0.9227,97.929
MTISNBk40300α5,I,B,k40300,5,31.04,19.02,1.2792,222.534
MTISNBk40300α10,I,B,k40300,10,35.51,19.77,1.296,231.309
MTISNCk20150α0.1,I,C,k20150,0.1,9.85,6.22,0.7938,72.774
MTISNCk20150α0.5,I,C,k20150,0.5,19.22,12,1.0792,140.4
MTISNCk20150α1,I,C,k20150,1,18.88,10.85,1.0354,126.945
MTISNCk20150α2,I,C,k20150,2,27.21,15.71,1.1962,183.807
MTISNCk20150α5,I,C,k20150,5,51,36.73,1.565,429.741
MTISNCk20150α10,I,C,k20150,10,53.86,34.62,1.5393,405.054
MTISNCk20300α0.1,I,C,k20300,0.1,5.07,3.25,0.5119,38.025
MTISNCk20300α0.5,I,C,k20300,0.5,8.03,5.42,0.734,63.414
MTISNCk20300α1,I,C,k20300,1,7.53,4.8,0.6812,56.16
MTISNCk20300α2,I,C,k20300,2,10.46,6.89,0.8382,80.613
MTISNCk20300α5,I,C,k20300,5,18.47,14.17,1.1514,165.789
MTISNCk20300α10,I,C,k20300,10,17.59,12.18,1.0856,142.506
MTISNCk40150α0.1,I,C,k40150,0.1,8.4,5.84,0.7664,68.328
MTISNCk40150α0.5,I,C,k40150,0.5,17.65,11.62,1.0652,135.954
MTISNCk40150α1,I,C,k40150,1,17.1,10.48,1.0204,122.616
MTISNCk40150α2,I,C,k40150,2,25,15.3,1.1847,179.01
MTISNCk40150α5,I,C,k40150,5,48.52,36.14,1.558,422.838
MTISNCk40150α10,I,C,k40150,10,51.26,34.27,1.5349,400.959
MTISNCk40300α0.1,I,C,k40300,0.1,3.97,3.04,0.4829,35.568
MTISNCk40300α0.5,I,C,k40300,0.5,6.53,5.07,0.705,59.319
MTISNCk40300α1,I,C,k40300,1,6.09,4.61,0.6637,53.937
MTISNCk40300α2,I,C,k40300,2,8.78,6.56,0.8169,76.752
MTISNCk40300α5,I,C,k40300,5,16.5,13.76,1.1386,160.992
MTISNCk40300α10,I,C,k40300,10,15.73,12.21,1.0867,142.857
MTISNDk20α0.1,I,D,k20,0.1,9.03,4.81,0.6821,56.277
MTISNDk20α0.5,I,D,k20,0.5,15.48,8.46,0.9274,98.982
MTISNDk20α1,I,D,k20,1,15.53,8.02,0.9042,93.834
MTISNDk20α2,I,D,k20,2,16.07,7.16,0.8549,83.772
MTISNDk20α5,I,D,k20,5,36.9,27.44,1.4384,321.048
MTISNDk20α10,I,D,k20,10,37.4,22.56,1.3533,263.952
MTISNDk40α0.1,I,D,k40,0.1,8.05,4.79,0.6803,56.043
MTISNDk40α0.5,I,D,k40,0.5,14.57,8.33,0.9206,97.461
MTISNDk40α1,I,D,k40,1,14.51,7.85,0.8949,91.845
MTISNDk40α2,I,D,k40,2,15.2,7.26,0.8609,84.942
MTISNDk40α5,I,D,k40,5,36.14,27.45,1.4385,321.165
MTISNDk40α10,I,D,k40,10,36.63,22.8,1.3579,266.76
MTISNEk20150α0.1,I,E,k20150,0.1,8.51,5.57,0.7459,65.169
MTISNEk20150α0.5,I,E,k20150,0.5,17.49,11.67,1.0671,136.539
MTISNEk20150α1,I,E,k20150,1,17.78,11.25,1.0512,131.625
MTISNEk20150α2,I,E,k20150,2,24.07,13.93,1.144,162.981
MTISNEk20150α5,I,E,k20150,5,41.98,29.84,1.4748,349.128
MTISNEk20150α10,I,E,k20150,10,50.14,35.57,1.5511,416.169
MTISNEk20300α0.1,I,E,k20300,0.1,4.96,3.19,0.5038,37.323
MTISNEk20300α0.5,I,E,k20300,0.5,8.57,5.78,0.7619,67.626
MTISNEk20300α1,I,E,k20300,1,8.17,5.33,0.7267,62.361
MTISNEk20300α2,I,E,k20300,2,10.35,6.74,0.8287,78.858
MTISNEk20300α5,I,E,k20300,5,17.9,13.67,1.1358,159.939
MTISNEk20300α10,I,E,k20300,10,18.75,13.98,1.1455,163.566
MTISNEk40150α0.1,I,E,k40150,0.1,7.08,5.19,0.7152,60.723
MTISNEk40150α0.5,I,E,k40150,0.5,15.53,11.17,1.0481,130.689
MTISNEk40150α1,I,E,k40150,1,15.78,10.77,1.0322,126.009
MTISNEk40150α2,I,E,k40150,2,22.12,13.53,1.1313,158.301
MTISNEk40150α5,I,E,k40150,5,39.9,29.52,1.4701,345.384
MTISNEk40150α10,I,E,k40150,10,48.2,35.54,1.5507,415.818
MTISNEk40300α0.1,I,E,k40300,0.1,3.72,2.92,0.4654,34.164
MTISNEk40300α0.5,I,E,k40300,0.5,6.85,5.29,0.7235,61.893
MTISNEk40300α1,I,E,k40300,1,6.51,4.96,0.6955,58.032
MTISNEk40300α2,I,E,k40300,2,8.77,6.35,0.8028,74.295
MTISNEk40300α5,I,E,k40300,5,15.91,13.16,1.1193,153.972
MTISNEk40300α10,I,E,k40300,10,16.86,13.68,1.1361,160.056
MTIISNAk20150α0.1,II,A,k20150,0.1,9.33,6.58,0.8182,76.986
MTIISNAk20150α0.5,II,A,k20150,0.5,42.89,35.11,1.5454,410.787
MTIISNAk20150α1,II,A,k20150,1,41.8,26.23,1.4188,306.891
MTIISNAk20150α2,II,A,k20150,2,41.61,20.99,1.322,245.583
MTIISNAk20150α5,II,A,k20150,5,55.95,34.77,1.5412,406.809
MTIISNAk20150α10,II,A,k20150,10,75.21,49.15,1.6915,575.055
MTIISNAk20300α0.1,II,A,k20300,0.1,5.55,3.92,0.5933,45.864
MTIISNAk20300α0.5,II,A,k20300,0.5,26.72,23.03,1.3623,269.451
MTIISNAk20300α1,II,A,k20300,1,23.51,16.41,1.2151,191.997
MTIISNAk20300α2,II,A,k20300,2,21.71,13.13,1.1183,153.621
MTIISNAk20300α5,II,A,k20300,5,26.24,17.89,1.2526,209.313
MTIISNAk20300α10,II,A,k20300,10,27.59,18.18,1.2596,212.706
MTIISNAk40150α0.1,II,A,k40150,0.1,7.37,5.6,0.7482,65.52
MTIISNAk40150α0.5,II,A,k40150,0.5,28.09,23.13,1.3642,270.621
MTIISNAk40150α1,II,A,k40150,1,27.2,17.56,1.2445,205.452
MTIISNAk40150α2,II,A,k40150,2,27.22,14.38,1.1578,168.246
MTIISNAk40150α5,II,A,k40150,5,45.25,31.96,1.5046,373.932
MTIISNAk40150α10,II,A,k40150,10,69.12,50.59,1.7041,591.903
MTIISNAk40300α0.1,II,A,k40300,0.1,3.86,3.1,0.4914,36.27
MTIISNAk40300α0.5,II,A,k40300,0.5,16.56,14.6,1.1644,170.82
MTIISNAk40300α1,II,A,k40300,1,14.2,10.28,1.012,120.276
MTIISNAk40300α2,II,A,k40300,2,13.25,8.39,0.9238,98.163
MTIISNAk40300α5,II,A,k40300,5,20.77,16.15,1.2082,188.955
MTIISNAk40300α10,II,A,k40300,10,25.36,19.48,1.2896,227.916
MTIISNBk20150α0.1,II,B,k20150,0.1,14.41,8.5,0.9294,99.45
MTIISNBk20150α0.5,II,B,k20150,0.5,69.19,53.66,1.7297,627.822
MTIISNBk20150α1,II,B,k20150,1,72.45,41.92,1.6224,490.464
MTIISNBk20150α2,II,B,k20150,2,81.28,31.11,1.4929,363.987
MTIISNBk20150α5,II,B,k20150,5,119.99,64.97,1.8127,760.149
MTIISNBk20150α10,II,B,k20150,10,140.2,68.71,1.837,803.907
MTIISNBk20300α0.1,II,B,k20300,0.1,10.78,5.99,0.7774,70.083
MTIISNBk20300α0.5,II,B,k20300,0.5,55.79,44.06,1.644,515.502
MTIISNBk20300α1,II,B,k20300,1,57.05,33.92,1.5305,396.864
MTIISNBk20300α2,II,B,k20300,2,63.79,24.69,1.3925,288.873
MTIISNBk20300α5,II,B,k20300,5,90.84,47.63,1.6779,557.271
MTIISNBk20300α10,II,B,k20300,10,94.37,40.4,1.6064,472.68
MTIISNBk40150α0.1,II,B,k40150,0.1,9.52,6.82,0.8338,79.794
MTIISNBk40150α0.5,II,B,k40150,0.5,43.13,34.56,1.5386,404.352
MTIISNBk40150α1,II,B,k40150,1,44.47,27.05,1.4322,316.485
MTIISNBk40150α2,II,B,k40150,2,48.89,20.86,1.3193,244.062
MTIISNBk40150α5,II,B,k40150,5,81.95,52.75,1.7222,617.175
MTIISNBk40150α10,II,B,k40150,10,109.69,68.38,1.8349,800.046
MTIISNBk40300α0.1,II,B,k40300,0.1,6.36,4.66,0.6684,54.522
MTIISNBk40300α0.5,II,B,k40300,0.5,32.72,27.35,1.437,319.995
MTIISNBk40300α1,II,B,k40300,1,32.83,21.26,1.3276,248.742
MTIISNBk40300α2,II,B,k40300,2,36.59,16.37,1.214,191.529
MTIISNBk40300α5,II,B,k40300,5,59.39,38.26,1.5827,447.642
MTIISNBk40300α10,II,B,k40300,10,69.11,40.99,1.6127,479.583
MTIISNCk20150α0.1,II,C,k20150,0.1,10.05,7.1,0.8513,83.07
MTIISNCk20150α0.5,II,C,k20150,0.5,44.76,37,1.5682,432.9
MTIISNCk20150α1,II,C,k20150,1,43.53,28.26,1.4512,330.642
MTIISNCk20150α2,II,C,k20150,2,44.44,22.93,1.3604,268.281
MTIISNCk20150α5,II,C,k20150,5,65.55,42.85,1.632,501.345
MTIISNCk20150α10,II,C,k20150,10,77.88,48.92,1.6895,572.364
MTIISNCk20300α0.1,II,C,k20300,0.1,5.57,3.88,0.5888,45.396
MTIISNCk20300α0.5,II,C,k20300,0.5,28.17,24.41,1.3876,285.597
MTIISNCk20300α1,II,C,k20300,1,24.8,17.94,1.2538,209.898
MTIISNCk20300α2,II,C,k20300,2,23.19,14.19,1.152,166.023
MTIISNCk20300α5,II,C,k20300,5,28.88,20.1,1.3032,235.17
MTIISNCk20300α10,II,C,k20300,10,27.96,17.99,1.255,210.483
MTIISNCk40150α0.1,II,C,k40150,0.1,7.97,6.09,0.7846,71.253
MTIISNCk40150α0.5,II,C,k40150,0.5,30.11,24.79,1.3943,290.043
MTIISNCk40150α1,II,C,k40150,1,28.53,18.88,1.276,220.896
MTIISNCk40150α2,II,C,k40150,2,29.3,15.85,1.2,185.445
MTIISNCk40150α5,II,C,k40150,5,54.32,39.87,1.6006,466.479
MTIISNCk40150α10,II,C,k40150,10,71.2,50.35,1.702,589.095
MTIISNCk40300α0.1,II,C,k40300,0.1,3.99,3.15,0.4983,36.855
MTIISNCk40300α0.5,II,C,k40300,0.5,17.43,15.47,1.1895,180.999
MTIISNCk40300α1,II,C,k40300,1,15.01,11.24,1.0508,131.508
MTIISNCk40300α2,II,C,k40300,2,14.06,9.1,0.959,106.47
MTIISNCk40300α5,II,C,k40300,5,23.1,18.2,1.2601,212.94
MTIISNCk40300α10,II,C,k40300,10,25.42,19.16,1.2824,224.172
MTIISNDk20α0.1,II,D,k20,0.1,12.98,9.22,0.9647,107.874
MTIISNDk20α0.5,II,D,k20,0.5,50.06,41.47,1.6177,485.199
MTIISNDk20α1,II,D,k20,1,51.21,29.24,1.466,342.108
MTIISNDk20α2,II,D,k20,2,43.39,14.12,1.1498,165.204
MTIISNDk20α5,II,D,k20,5,55.22,40.63,1.6088,475.371
MTIISNDk20α10,II,D,k20,10,54.46,32.52,1.5122,380.484
MTIISNDk40α0.1,II,D,k40,0.1,12.31,9.3,0.9685,108.81
MTIISNDk40α0.5,II,D,k40,0.5,46.89,39.16,1.5928,458.172
MTIISNDk40α1,II,D,k40,1,49.24,28.82,1.4597,337.194
MTIISNDk40α2,II,D,k40,2,39.44,12.99,1.1136,151.983
MTIISNDk40α5,II,D,k40,5,52.56,40.35,1.6058,472.095
MTIISNDk40α10,II,D,k40,10,52.55,32.96,1.518,385.632
MTIISNEk20150α0.1,II,E,k20150,0.1,8.39,5.97,0.776,69.849
MTIISNEk20150α0.5,II,E,k20150,0.5,39.42,32.75,1.5152,383.175
MTIISNEk20150α1,II,E,k20150,1,40.56,27.23,1.435,318.591
MTIISNEk20150α2,II,E,k20150,2,42,24.29,1.3854,284.193
MTIISNEk20150α5,II,E,k20150,5,58.53,37.62,1.5754,440.154
MTIISNEk20150α10,II,E,k20150,10,70.98,46.52,1.6676,544.284
MTIISNEk20300α0.1,II,E,k20300,0.1,5.35,3.84,0.5843,44.928
MTIISNEk20300α0.5,II,E,k20300,0.5,27.31,23.46,1.3703,274.482
MTIISNEk20300α1,II,E,k20300,1,26.14,19.02,1.2792,222.534
MTIISNEk20300α2,II,E,k20300,2,28.52,18.32,1.2629,214.344
MTIISNEk20300α5,II,E,k20300,5,40.68,25.66,1.4093,300.222
MTIISNEk20300α10,II,E,k20300,10,35.1,21.44,1.3312,250.848
MTIISNEk40150α0.1,II,E,k40150,0.1,6.35,4.95,0.6946,57.915
MTIISNEk40150α0.5,II,E,k40150,0.5,26.21,22.1,1.3444,258.57
MTIISNEk40150α1,II,E,k40150,1,26.44,18.32,1.2629,214.344
MTIISNEk40150α2,II,E,k40150,2,27.54,16.62,1.2206,194.454
MTIISNEk40150α5,II,E,k40150,5,45.3,32.18,1.5076,376.506
MTIISNEk40150α10,II,E,k40150,10,63.31,46.43,1.6668,543.231
MTIISNEk40300α0.1,II,E,k40300,0.1,3.7,3.04,0.4829,35.568
MTIISNEk40300α0.5,II,E,k40300,0.5,16.75,14.89,1.1729,174.213
MTIISNEk40300α1,II,E,k40300,1,15.9,11.97,1.0781,140.049
MTIISNEk40300α2,II,E,k40300,2,17.06,11.45,1.0588,133.965
MTIISNEk40300α5,II,E,k40300,5,29.9,21.15,1.3253,247.455
MTIISNEk40300α10,II,E,k40300,10,29.71,21.39,1.3302,250.263
MTIIISNAk20150α0.1,III,A,k20150,0.1,8.02,5.54,0.7435,64.818
MTIIISNAk20150α0.5,III,A,k20150,0.5,7.52,3.36,0.5263,39.312
MTIIISNAk20150α1,III,A,k20150,1,6.46,2.45,0.3892,28.665
MTIIISNAk20150α2,III,A,k20150,2,5.9,2.13,0.3284,24.921
MTIIISNAk20150α5,III,A,k20150,5,28.09,23.54,1.3718,275.418
MTIIISNAk20150α10,III,A,k20150,10,42.27,32.26,1.5087,377.442
MTIIISNAk20300α0.1,III,A,k20300,0.1,4.94,3.43,0.5353,40.131
MTIIISNAk20300α0.5,III,A,k20300,0.5,3.72,1.82,0.2601,21.294
MTIIISNAk20300α1,III,A,k20300,1,2.97,1.13,0.0531,13.221
MTIIISNAk20300α2,III,A,k20300,2,2.77,0.86,-0.0655,10.062
MTIIISNAk20300α5,III,A,k20300,5,16.54,14.31,1.1556,167.427
MTIIISNAk20300α10,III,A,k20300,10,19.24,15.1,1.179,176.67
MTIIISNAk40150α0.1,III,A,k40150,0.1,6.09,4.63,0.6656,54.171
MTIIISNAk40150α0.5,III,A,k40150,0.5,6.05,3.11,0.4928,36.387
MTIIISNAk40150α1,III,A,k40150,1,5.01,2.29,0.3598,26.793
MTIIISNAk40150α2,III,A,k40150,2,4.62,2.18,0.3385,25.506
MTIIISNAk40150α5,III,A,k40150,5,23.42,20.4,1.3096,238.68
MTIIISNAk40150α10,III,A,k40150,10,39.18,31.91,1.5039,373.347
MTIIISNAk40300α0.1,III,A,k40300,0.1,3.49,2.78,0.444,32.526
MTIIISNAk40300α0.5,III,A,k40300,0.5,2.59,1.64,0.2148,19.188
MTIIISNAk40300α1,III,A,k40300,1,1.89,1.05,0.0212,12.285
MTIIISNAk40300α2,III,A,k40300,2,1.59,0.82,-0.0862,9.594
MTIIISNAk40300α5,III,A,k40300,5,12.51,11.56,1.063,135.252
MTIIISNAk40300α10,III,A,k40300,10,17.05,14.66,1.1661,171.522
MTIIISNBk20150α0.1,III,B,k20150,0.1,11.92,6.47,0.8109,75.699
MTIIISNBk20150α0.5,III,B,k20150,0.5,13.84,3.06,0.4857,35.802
MTIIISNBk20150α1,III,B,k20150,1,13.83,2.46,0.3909,28.782
MTIIISNBk20150α2,III,B,k20150,2,14.38,2.23,0.3483,26.091
MTIIISNBk20150α5,III,B,k20150,5,38.84,25.39,1.4047,297.063
MTIIISNBk20150α10,III,B,k20150,10,59.94,37.45,1.5735,438.165
MTIIISNBk20300α0.1,III,B,k20300,0.1,9.26,4.75,0.6767,55.575
MTIIISNBk20300α0.5,III,B,k20300,0.5,10.12,1.87,0.2718,21.879
MTIIISNBk20300α1,III,B,k20300,1,10.15,1.21,0.0828,14.157
MTIIISNBk20300α2,III,B,k20300,2,10.9,1.06,0.0253,12.402
MTIIISNBk20300α5,III,B,k20300,5,28.08,17.24,1.2365,201.708
MTIIISNBk20300α10,III,B,k20300,10,38.38,23.41,1.3694,273.897
MTIIISNBk40150α0.1,III,B,k40150,0.1,7.43,5.13,0.7101,60.021
MTIIISNBk40150α0.5,III,B,k40150,0.5,8.64,2.9,0.4624,33.93
MTIIISNBk40150α1,III,B,k40150,1,8.05,2.21,0.3444,25.857
MTIIISNBk40150α2,III,B,k40150,2,8.04,2.16,0.3345,25.272
MTIIISNBk40150α5,III,B,k40150,5,28.49,21.83,1.3391,255.411
MTIIISNBk40150α10,III,B,k40150,10,50.13,36.61,1.5636,428.337
MTIIISNBk40300α0.1,III,B,k40300,0.1,4.98,3.46,0.5391,40.482
MTIIISNBk40300α0.5,III,B,k40300,0.5,5.29,1.81,0.2577,21.177
MTIIISNBk40300α1,III,B,k40300,1,4.87,1.15,0.0607,13.455
MTIIISNBk40300α2,III,B,k40300,2,5.01,0.98,-0.0088,11.466
MTIIISNBk40300α5,III,B,k40300,5,18.87,14.5,1.1614,169.65
MTIIISNBk40300α10,III,B,k40300,10,29.45,22.06,1.3436,258.102
MTIIISNCk20150α0.1,III,C,k20150,0.1,8.61,6.16,0.7896,72.072
MTIIISNCk20150α0.5,III,C,k20150,0.5,8.28,3.58,0.5539,41.886
MTIIISNCk20150α1,III,C,k20150,1,7.03,2.64,0.4216,30.888
MTIIISNCk20150α2,III,C,k20150,2,6.38,2.4,0.3802,28.08
MTIIISNCk20150α5,III,C,k20150,5,31.95,27.04,1.432,316.368
MTIIISNCk20150α10,III,C,k20150,10,43.53,32.3,1.5092,377.91
MTIIISNCk20300α0.1,III,C,k20300,0.1,5.34,3.8,0.5798,44.46
MTIIISNCk20300α0.5,III,C,k20300,0.5,4.14,2.01,0.3032,23.517
MTIIISNCk20300α1,III,C,k20300,1,3.17,1.24,0.0934,14.508
MTIIISNCk20300α2,III,C,k20300,2,2.97,1.02,0.0086,11.934
MTIIISNCk20300α5,III,C,k20300,5,17.82,15.55,1.1917,181.935
MTIIISNCk20300α10,III,C,k20300,10,20.15,15.72,1.1965,183.924
MTIIISNCk40150α0.1,III,C,k40150,0.1,6.53,4.98,0.6972,58.266
MTIIISNCk40150α0.5,III,C,k40150,0.5,6.65,3.39,0.5302,39.663
MTIIISNCk40150α1,III,C,k40150,1,5.38,2.46,0.3909,28.782
MTIIISNCk40150α2,III,C,k40150,2,5.04,2.32,0.3655,27.144
MTIIISNCk40150α5,III,C,k40150,5,26.66,23.25,1.3664,272.025
MTIIISNCk40150α10,III,C,k40150,10,40.06,31.6,1.4997,369.72
MTIIISNCk40300α0.1,III,C,k40300,0.1,3.69,2.96,0.4713,34.632
MTIIISNCk40300α0.5,III,C,k40300,0.5,2.84,1.81,0.2577,21.177
MTIIISNCk40300α1,III,C,k40300,1,2.08,1.12,0.0492,13.104
MTIIISNCk40300α2,III,C,k40300,2,1.74,0.93,-0.0315,10.881
MTIIISNCk40300α5,III,C,k40300,5,13.82,12.76,1.1059,149.292
MTIIISNCk40300α10,III,C,k40300,10,17.5,14.95,1.1746,174.915
MTIIISNDk20α0.1,III,D,k20,0.1,9.16,3.23,0.5092,37.791
MTIIISNDk20α0.5,III,D,k20,0.5,4.98,1.5,0.1761,17.55
MTIIISNDk20α1,III,D,k20,1,3.57,0.96,-0.0177,11.232
MTIIISNDk20α2,III,D,k20,2,4.01,1.6,0.2041,18.72
MTIIISNDk20α5,III,D,k20,5,26.32,22.84,1.3587,267.228
MTIIISNDk20α10,III,D,k20,10,30,22.26,1.3475,260.442
MTIIISNDk40α0.1,III,D,k40,0.1,8.38,3.19,0.5038,37.323
MTIIISNDk40α0.5,III,D,k40,0.5,4.4,1.54,0.1875,18.018
MTIIISNDk40α1,III,D,k40,1,2.96,0.94,-0.0269,10.998
MTIIISNDk40α2,III,D,k40,2,3.34,1.61,0.2068,18.837
MTIIISNDk40α5,III,D,k40,5,25.08,22.35,1.3493,261.495
MTIIISNDk40α10,III,D,k40,10,29.09,22.41,1.3504,262.197
MTIIISNEk20150α0.1,III,E,k20150,0.1,6.86,4.69,0.6712,54.873
MTIIISNEk20150α0.5,III,E,k20150,0.5,7.61,3.69,0.567,43.173
MTIIISNEk20150α1,III,E,k20150,1,6.74,2.95,0.4698,34.515
MTIIISNEk20150α2,III,E,k20150,2,5.96,2.29,0.3598,26.793
MTIIISNEk20150α5,III,E,k20150,5,22.26,18.39,1.2646,215.163
MTIIISNEk20150α10,III,E,k20150,10,34.19,28.6,1.4564,334.62
MTIIISNEk20300α0.1,III,E,k20300,0.1,4.67,3.21,0.5065,37.557
MTIIISNEk20300α0.5,III,E,k20300,0.5,4.26,2.18,0.3385,25.506
MTIIISNEk20300α1,III,E,k20300,1,3.55,1.53,0.1847,17.901
MTIIISNEk20300α2,III,E,k20300,2,3.02,1.08,0.0334,12.636
MTIIISNEk20300α5,III,E,k20300,5,14.42,12.39,1.0931,144.963
MTIIISNEk20300α10,III,E,k20300,10,17.69,14.93,1.1741,174.681
MTIIISNEk40150α0.1,III,E,k40150,0.1,5.13,3.95,0.5966,46.215
MTIIISNEk40150α0.5,III,E,k40150,0.5,6.14,3.5,0.5441,40.95
MTIIISNEk40150α1,III,E,k40150,1,5.28,2.76,0.4409,32.292
MTIIISNEk40150α2,III,E,k40150,2,4.59,2.19,0.3404,25.623
MTIIISNEk40150α5,III,E,k40150,5,18.73,16.18,1.209,189.306
MTIIISNEk40150α10,III,E,k40150,10,32.13,27.88,1.4453,326.196
MTIIISNEk40300α0.1,III,E,k40300,0.1,3.16,2.59,0.4133,30.303
MTIIISNEk40300α0.5,III,E,k40300,0.5,3.08,2.01,0.3032,23.517
MTIIISNEk40300α1,III,E,k40300,1,2.35,1.37,0.1367,16.029
MTIIISNEk40300α2,III,E,k40300,2,1.95,1.03,0.0128,12.051
MTIIISNEk40300α5,III,E,k40300,5,11.46,10.49,1.0208,122.733
MTIIISNEk40300α10,III,E,k40300,10,15.94,14.41,1.1587,168.597