DCOlabel,SFRD_variation,source_file,model_name,total_rate,without_CE_fraction,with_CE_fraction,sum_CE_fractions,sum_minus_one,fractions_sum_to_one
NSNS,000,Formation_Channels_Local_Rates_NSNS_xyz_000.csv,A,31.32675648888411,0.0076965369743599,0.9923034630256398,0.9999999999999997,-3.3306690738754696e-16,True
NSNS,000,Formation_Channels_Local_Rates_NSNS_xyz_000.csv,B,23.698756512145387,0.1034577292099857,0.896542270790014,0.9999999999999998,-2.220446049250313e-16,True
NSNS,000,Formation_Channels_Local_Rates_NSNS_xyz_000.csv,C,26.46285308870064,0.0298306506271744,0.9701693493728256,1.0,0.0,True
NSNS,000,Formation_Channels_Local_Rates_NSNS_xyz_000.csv,D,57.45274474018278,0.0091180013218609,0.9908819986781392,1.0,0.0,True
NSNS,000,Formation_Channels_Local_Rates_NSNS_xyz_000.csv,E,0.4781624320686924,0.0,0.9999999999999999,0.9999999999999999,-1.1102230246251565e-16,True
NSNS,000,Formation_Channels_Local_Rates_NSNS_xyz_000.csv,F,38.81390170427433,0.0329940748645206,0.9670059251354794,1.0,0.0,True
NSNS,000,Formation_Channels_Local_Rates_NSNS_xyz_000.csv,G,40.47941621966401,0.0004692321357356,0.9995307678642642,0.9999999999999998,-2.220446049250313e-16,True
NSNS,000,Formation_Channels_Local_Rates_NSNS_xyz_000.csv,H,21.29626617878049,0.0031603261437964,0.9967512108306322,0.9999115369744286,-8.846302557141694e-05,False
NSNS,000,Formation_Channels_Local_Rates_NSNS_xyz_000.csv,I,62.33594092415704,0.0027243351598828,0.997275664840117,0.9999999999999998,-2.220446049250313e-16,True
NSNS,000,Formation_Channels_Local_Rates_NSNS_xyz_000.csv,J,80.29164876359478,0.001358596403666,0.9986414035963338,0.9999999999999998,-2.220446049250313e-16,True
NSNS,000,Formation_Channels_Local_Rates_NSNS_xyz_000.csv,K,46.72354269453972,0.051495570808791497,0.9485044291912084,0.9999999999999999,-1.1102230246251565e-16,True
NSNS,000,Formation_Channels_Local_Rates_NSNS_xyz_000.csv,L,29.358961084904266,0.007961759284008,0.9920382407159919,0.9999999999999999,-1.1102230246251565e-16,True
NSNS,000,Formation_Channels_Local_Rates_NSNS_xyz_000.csv,M,30.732480955230592,0.0057653414890899,0.9942346585109103,1.0000000000000002,2.220446049250313e-16,True
NSNS,000,Formation_Channels_Local_Rates_NSNS_xyz_000.csv,N,32.26249320168091,0.010464156921931499,0.9895358430780681,0.9999999999999996,-4.440892098500626e-16,True
NSNS,000,Formation_Channels_Local_Rates_NSNS_xyz_000.csv,O,30.92710968449729,0.0083018032156442,0.9916981967843557,0.9999999999999999,-1.1102230246251565e-16,True
NSNS,000,Formation_Channels_Local_Rates_NSNS_xyz_000.csv,P,60.02181405196856,0.020879091663512,0.979120908336488,1.0,0.0,True
NSNS,000,Formation_Channels_Local_Rates_NSNS_xyz_000.csv,Q,169.10129239430051,0.0967275575033444,0.9032724424966556,1.0,0.0,True
NSNS,000,Formation_Channels_Local_Rates_NSNS_xyz_000.csv,R,31.78253985007218,0.0059763861706368,0.9940236138293632,1.0,0.0,True
NSNS,000,Formation_Channels_Local_Rates_NSNS_xyz_000.csv,S,27.918588397002623,0.0070831370918436,0.9929168629081564,1.0,0.0,True
NSNS,000,Formation_Channels_Local_Rates_NSNS_xyz_000.csv,T,24.020747636554965,0.0072298863452851,0.9927701136547149,1.0,0.0,True
NSNS,111,Formation_Channels_Local_Rates_NSNS_xyz_111.csv,A,51.107502861626806,0.0148456769343701,0.98515432306563,1.0,0.0,True
NSNS,111,Formation_Channels_Local_Rates_NSNS_xyz_111.csv,B,32.60868684881681,0.2616854219951914,0.7383145780048084,0.9999999999999998,-2.220446049250313e-16,True
NSNS,111,Formation_Channels_Local_Rates_NSNS_xyz_111.csv,C,28.696276308121487,0.07750517734732,0.9224948226526798,0.9999999999999998,-2.220446049250313e-16,True
NSNS,111,Formation_Channels_Local_Rates_NSNS_xyz_111.csv,D,72.6609955255107,0.0136163968214936,0.9863828178962495,0.9999992147177431,-7.852822568876761e-07,True
NSNS,111,Formation_Channels_Local_Rates_NSNS_xyz_111.csv,E,2.1646621608048147,0.0,1.0000000000000002,1.0000000000000002,2.220446049250313e-16,True
NSNS,111,Formation_Channels_Local_Rates_NSNS_xyz_111.csv,F,73.41788494126193,0.0225996258488042,0.9774003741511955,0.9999999999999997,-3.3306690738754696e-16,True
NSNS,111,Formation_Channels_Local_Rates_NSNS_xyz_111.csv,G,76.48393628607916,0.0010235743270417,0.9989764256729583,1.0,0.0,True
NSNS,111,Formation_Channels_Local_Rates_NSNS_xyz_111.csv,H,56.00571775395549,0.0214245148802877,0.9785748000550402,0.9999993149353279,-6.850646721012765e-07,True
NSNS,111,Formation_Channels_Local_Rates_NSNS_xyz_111.csv,I,206.73441479567776,0.0028142857647023,0.9971857142352969,0.9999999999999992,-7.771561172376096e-16,True
NSNS,111,Formation_Channels_Local_Rates_NSNS_xyz_111.csv,J,341.71206081342143,0.0044135170245158,0.9955864829754837,0.9999999999999994,-5.551115123125783e-16,True
NSNS,111,Formation_Channels_Local_Rates_NSNS_xyz_111.csv,K,67.20774770886848,0.030793694602895702,0.9692063053971044,1.0,0.0,True
NSNS,111,Formation_Channels_Local_Rates_NSNS_xyz_111.csv,L,42.204824175178544,0.0159931763757895,0.9840068236242102,0.9999999999999997,-3.3306690738754696e-16,True
NSNS,111,Formation_Channels_Local_Rates_NSNS_xyz_111.csv,M,48.969031247187175,0.0186588575559638,0.9813411424440361,0.9999999999999999,-1.1102230246251565e-16,True
NSNS,111,Formation_Channels_Local_Rates_NSNS_xyz_111.csv,N,55.58584976580441,0.025302722966692302,0.9746972770333076,0.9999999999999999,-1.1102230246251565e-16,True
NSNS,111,Formation_Channels_Local_Rates_NSNS_xyz_111.csv,O,50.474454307540285,0.0140167855887908,0.9859832144112092,1.0,0.0,True
NSNS,111,Formation_Channels_Local_Rates_NSNS_xyz_111.csv,P,92.66423861585014,0.0323164733254091,0.9676835266745909,1.0,0.0,True
NSNS,111,Formation_Channels_Local_Rates_NSNS_xyz_111.csv,Q,261.4199968577629,0.1262712837114217,0.8737287162885782,0.9999999999999999,-1.1102230246251565e-16,True
NSNS,111,Formation_Channels_Local_Rates_NSNS_xyz_111.csv,R,51.90939691738745,0.0118560827444038,0.988143917255596,0.9999999999999998,-2.220446049250313e-16,True
NSNS,111,Formation_Channels_Local_Rates_NSNS_xyz_111.csv,S,46.08454802179618,0.0114882277773875,0.9885087497682674,0.9999969775456549,-3.0224543451362607e-06,False
NSNS,111,Formation_Channels_Local_Rates_NSNS_xyz_111.csv,T,50.03716545411022,0.0142029974282708,0.9857970025717289,0.9999999999999997,-3.3306690738754696e-16,True
NSNS,112,Formation_Channels_Local_Rates_NSNS_xyz_112.csv,A,37.97173523019278,0.00557761285232,0.9944223871476796,0.9999999999999996,-4.440892098500626e-16,True
NSNS,112,Formation_Channels_Local_Rates_NSNS_xyz_112.csv,B,30.225888737395344,0.0695708706921684,0.9304291293078316,1.0,0.0,True
NSNS,112,Formation_Channels_Local_Rates_NSNS_xyz_112.csv,C,32.17958527464262,0.0184887437524169,0.9815112562475832,1.0,0.0,True
NSNS,112,Formation_Channels_Local_Rates_NSNS_xyz_112.csv,D,56.732545950034805,0.0069987074785474,0.9930012574694895,0.9999999649480369,-3.505196310982228e-08,True
NSNS,112,Formation_Channels_Local_Rates_NSNS_xyz_112.csv,E,0.423661379206608,0.0,0.9999999999999999,0.9999999999999999,-1.1102230246251565e-16,True
NSNS,112,Formation_Channels_Local_Rates_NSNS_xyz_112.csv,F,56.49388534552861,0.0431036300433755,0.9568963699566244,0.9999999999999999,-1.1102230246251565e-16,True
NSNS,112,Formation_Channels_Local_Rates_NSNS_xyz_112.csv,G,61.841972193394845,0.0002040588389516,0.9997959411610483,0.9999999999999999,-1.1102230246251565e-16,True
NSNS,112,Formation_Channels_Local_Rates_NSNS_xyz_112.csv,H,17.24836101984387,0.0065162925118802,0.9934077239314478,0.9999240164433281,-7.598355667193246e-05,False
NSNS,112,Formation_Channels_Local_Rates_NSNS_xyz_112.csv,I,75.31378648147398,0.0017973302825334,0.9982026697174665,0.9999999999999999,-1.1102230246251565e-16,True
NSNS,112,Formation_Channels_Local_Rates_NSNS_xyz_112.csv,J,75.69119720539881,0.0020530962581411,0.9979469037418589,1.0,0.0,True
NSNS,112,Formation_Channels_Local_Rates_NSNS_xyz_112.csv,K,67.86299463496277,0.0744413963073094,0.9255586036926904,0.9999999999999998,-2.220446049250313e-16,True
NSNS,112,Formation_Channels_Local_Rates_NSNS_xyz_112.csv,L,34.04884556225352,0.0057651752041783,0.9942348247958213,0.9999999999999996,-4.440892098500626e-16,True
NSNS,112,Formation_Channels_Local_Rates_NSNS_xyz_112.csv,M,37.0263493842396,0.004339800873487,0.9956601991265128,0.9999999999999998,-2.220446049250313e-16,True
NSNS,112,Formation_Channels_Local_Rates_NSNS_xyz_112.csv,N,38.78100198263416,0.0084093585716687,0.9915906414283311,0.9999999999999998,-2.220446049250313e-16,True
NSNS,112,Formation_Channels_Local_Rates_NSNS_xyz_112.csv,O,37.473916312673545,0.0057356977825559,0.9942643022174439,0.9999999999999998,-2.220446049250313e-16,True
NSNS,112,Formation_Channels_Local_Rates_NSNS_xyz_112.csv,P,71.04270722137267,0.0162910751342328,0.9837089248657673,1.0000000000000002,2.220446049250313e-16,True
NSNS,112,Formation_Channels_Local_Rates_NSNS_xyz_112.csv,Q,175.19970991210818,0.0945524508316066,0.9054475491683933,0.9999999999999999,-1.1102230246251565e-16,True
NSNS,112,Formation_Channels_Local_Rates_NSNS_xyz_112.csv,R,38.01505106726763,0.0045916911838734,0.9954083088161264,0.9999999999999998,-2.220446049250313e-16,True
NSNS,112,Formation_Channels_Local_Rates_NSNS_xyz_112.csv,S,35.81111903023323,0.0039521293664667,0.9960477388675973,0.9999998682340641,-1.317659359401091e-07,True
NSNS,112,Formation_Channels_Local_Rates_NSNS_xyz_112.csv,T,34.95295481008747,0.0081632168313601,0.9918367831686399,1.0,0.0,True
NSNS,113,Formation_Channels_Local_Rates_NSNS_xyz_113.csv,A,45.12807624971336,0.0084766747558217,0.991523325244178,0.9999999999999997,-3.3306690738754696e-16,True
NSNS,113,Formation_Channels_Local_Rates_NSNS_xyz_113.csv,B,34.437409908464765,0.1186231459937577,0.8813768540062422,0.9999999999999999,-1.1102230246251565e-16,True
NSNS,113,Formation_Channels_Local_Rates_NSNS_xyz_113.csv,C,37.189683641871326,0.0327258620748179,0.9672741379251819,0.9999999999999998,-2.220446049250313e-16,True
NSNS,113,Formation_Channels_Local_Rates_NSNS_xyz_113.csv,D,81.48154166917624,0.0080594850261904,0.9919405057291321,0.9999999907553224,-9.244677579012262e-09,True
NSNS,113,Formation_Channels_Local_Rates_NSNS_xyz_113.csv,E,0.7631486245539096,0.0,0.9999999999999998,0.9999999999999998,-2.220446049250313e-16,True
NSNS,113,Formation_Channels_Local_Rates_NSNS_xyz_113.csv,F,59.3393669436916,0.0326884129180792,0.9673115870819208,1.0,0.0,True
NSNS,113,Formation_Channels_Local_Rates_NSNS_xyz_113.csv,G,57.15217971171359,0.0005512137301293,0.9994487862698708,1.0,0.0,True
NSNS,113,Formation_Channels_Local_Rates_NSNS_xyz_113.csv,H,32.37513102650195,0.0036092486568828,0.9963049090035917,0.9999141576604745,-8.584233952546594e-05,False
NSNS,113,Formation_Channels_Local_Rates_NSNS_xyz_113.csv,I,95.9997997389536,0.0027190280595901,0.9972809719404099,1.0,0.0,True
NSNS,113,Formation_Channels_Local_Rates_NSNS_xyz_113.csv,J,125.50506041958982,0.0014605780602846,0.9985394219397152,0.9999999999999998,-2.220446049250313e-16,True
NSNS,113,Formation_Channels_Local_Rates_NSNS_xyz_113.csv,K,68.51903175744089,0.050701685668883195,0.9492983143311167,0.9999999999999999,-1.1102230246251565e-16,True
NSNS,113,Formation_Channels_Local_Rates_NSNS_xyz_113.csv,L,42.04424775753349,0.0066548010277303,0.9933451989722695,0.9999999999999998,-2.220446049250313e-16,True
NSNS,113,Formation_Channels_Local_Rates_NSNS_xyz_113.csv,M,44.32854963591461,0.0067415972804243,0.9932584027195756,0.9999999999999999,-1.1102230246251565e-16,True
NSNS,113,Formation_Channels_Local_Rates_NSNS_xyz_113.csv,N,46.40309970782327,0.011228601634541601,0.9887713983654582,0.9999999999999999,-1.1102230246251565e-16,True
NSNS,113,Formation_Channels_Local_Rates_NSNS_xyz_113.csv,O,44.56265678396034,0.0085032359553403,0.9914967640446595,0.9999999999999998,-2.220446049250313e-16,True
NSNS,113,Formation_Channels_Local_Rates_NSNS_xyz_113.csv,P,85.82692325866313,0.0194892746793887,0.9805107253206107,0.9999999999999993,-6.661338147750939e-16,True
NSNS,113,Formation_Channels_Local_Rates_NSNS_xyz_113.csv,Q,242.56472446746227,0.1002262126552849,0.8997737873447151,1.0,0.0,True
NSNS,113,Formation_Channels_Local_Rates_NSNS_xyz_113.csv,R,45.76342388676984,0.0064262414617204,0.9935737585382796,1.0,0.0,True
NSNS,113,Formation_Channels_Local_Rates_NSNS_xyz_113.csv,S,40.50393236513766,0.0075056406384325,0.9924943244958464,0.9999999651342789,-3.4865721088017665e-08,True
NSNS,113,Formation_Channels_Local_Rates_NSNS_xyz_113.csv,T,36.73937689457651,0.0076516479057961,0.9923483520942039,1.0,0.0,True
NSNS,121,Formation_Channels_Local_Rates_NSNS_xyz_121.csv,A,51.3341971308817,0.0169435937395526,0.9830564062604472,0.9999999999999998,-2.220446049250313e-16,True
NSNS,121,Formation_Channels_Local_Rates_NSNS_xyz_121.csv,B,30.868501213926194,0.2471175242537812,0.7528824757462186,0.9999999999999998,-2.220446049250313e-16,True
NSNS,121,Formation_Channels_Local_Rates_NSNS_xyz_121.csv,C,27.550215419770947,0.0801897935763737,0.9198102064236261,0.9999999999999998,-2.220446049250313e-16,True
NSNS,121,Formation_Channels_Local_Rates_NSNS_xyz_121.csv,D,70.49464810157973,0.0151247089743686,0.9848733119388534,0.999998020913222,-1.979086778014505e-06,False
NSNS,121,Formation_Channels_Local_Rates_NSNS_xyz_121.csv,E,2.027615527722634,0.0,1.0,1.0,0.0,True
NSNS,121,Formation_Channels_Local_Rates_NSNS_xyz_121.csv,F,68.62719106428008,0.021316534916185098,0.9786834650838145,0.9999999999999997,-3.3306690738754696e-16,True
NSNS,121,Formation_Channels_Local_Rates_NSNS_xyz_121.csv,G,79.56265883550289,0.0008938549634297,0.9991061450365701,0.9999999999999999,-1.1102230246251565e-16,True
NSNS,121,Formation_Channels_Local_Rates_NSNS_xyz_121.csv,H,49.38205588428404,0.0246183180966828,0.9753782450337078,0.9999965631303906,-3.4368696093523e-06,False
NSNS,121,Formation_Channels_Local_Rates_NSNS_xyz_121.csv,I,211.21370909527056,0.0032348912586625,0.9967651087413374,0.9999999999999999,-1.1102230246251565e-16,True
NSNS,121,Formation_Channels_Local_Rates_NSNS_xyz_121.csv,J,365.2955687124561,0.0050834248292992,0.9949165751707008,1.0,0.0,True
NSNS,121,Formation_Channels_Local_Rates_NSNS_xyz_121.csv,K,65.58629802512591,0.031148325358267698,0.9688516746417322,0.9999999999999999,-1.1102230246251565e-16,True
NSNS,121,Formation_Channels_Local_Rates_NSNS_xyz_121.csv,L,42.637868492292206,0.0162921714811909,0.9837078285188092,1.0000000000000002,2.220446049250313e-16,True
NSNS,121,Formation_Channels_Local_Rates_NSNS_xyz_121.csv,M,48.35290583977909,0.0204170539424866,0.9795829460575136,1.0000000000000002,2.220446049250313e-16,True
NSNS,121,Formation_Channels_Local_Rates_NSNS_xyz_121.csv,N,55.76920642291429,0.026170171503515298,0.9738298284964844,0.9999999999999997,-3.3306690738754696e-16,True
NSNS,121,Formation_Channels_Local_Rates_NSNS_xyz_121.csv,O,50.59511883798439,0.015905433949461,0.9840945660505391,1.0000000000000002,2.220446049250313e-16,True
NSNS,121,Formation_Channels_Local_Rates_NSNS_xyz_121.csv,P,91.3247999874993,0.0361541617183581,0.9638458382816415,0.9999999999999996,-4.440892098500626e-16,True
NSNS,121,Formation_Channels_Local_Rates_NSNS_xyz_121.csv,Q,249.3594577301932,0.1369230213849993,0.8630769786150007,1.0,0.0,True
NSNS,121,Formation_Channels_Local_Rates_NSNS_xyz_121.csv,R,51.8913601016887,0.0137515045075015,0.9862484954924982,0.9999999999999997,-3.3306690738754696e-16,True
NSNS,121,Formation_Channels_Local_Rates_NSNS_xyz_121.csv,S,46.30508738829805,0.0115177798019835,0.988473377045429,0.9999911568474126,-8.843152587423297e-06,False
NSNS,121,Formation_Channels_Local_Rates_NSNS_xyz_121.csv,T,49.10310398575011,0.0148516838307135,0.985148316169286,0.9999999999999994,-5.551115123125783e-16,True
NSNS,122,Formation_Channels_Local_Rates_NSNS_xyz_122.csv,A,38.70922049325807,0.0078843291938772,0.9921156708061225,0.9999999999999997,-3.3306690738754696e-16,True
NSNS,122,Formation_Channels_Local_Rates_NSNS_xyz_122.csv,B,29.88557508694378,0.0886451127798325,0.9113548872201676,1.0,0.0,True
NSNS,122,Formation_Channels_Local_Rates_NSNS_xyz_122.csv,C,30.460535612935352,0.0263021713060288,0.9736978286939708,0.9999999999999996,-4.440892098500626e-16,True
NSNS,122,Formation_Channels_Local_Rates_NSNS_xyz_122.csv,D,57.07556150875773,0.0085425693315348,0.9914571704022949,0.9999997397338296,-2.6026617039320854e-07,True
NSNS,122,Formation_Channels_Local_Rates_NSNS_xyz_122.csv,E,0.6684689029490921,0.0,0.9999999999999999,0.9999999999999999,-1.1102230246251565e-16,True
NSNS,122,Formation_Channels_Local_Rates_NSNS_xyz_122.csv,F,57.526480475614726,0.040711480284024,0.959288519715976,1.0,0.0,True
NSNS,122,Formation_Channels_Local_Rates_NSNS_xyz_122.csv,G,60.15053758311885,0.0003050419886705,0.9996949580113292,0.9999999999999998,-2.220446049250313e-16,True
NSNS,122,Formation_Channels_Local_Rates_NSNS_xyz_122.csv,H,21.812105832921038,0.0142174330004733,0.9857283080055353,0.9999457410060086,-5.4258993991362914e-05,False
NSNS,122,Formation_Channels_Local_Rates_NSNS_xyz_122.csv,I,88.20062292815825,0.00224751422475,0.9977524857752498,0.9999999999999998,-2.220446049250313e-16,True
NSNS,122,Formation_Channels_Local_Rates_NSNS_xyz_122.csv,J,126.06251700512244,0.0038416607376154,0.9961583392623843,0.9999999999999997,-3.3306690738754696e-16,True
NSNS,122,Formation_Channels_Local_Rates_NSNS_xyz_122.csv,K,66.6068784878106,0.0690983801312526,0.9309016198687472,0.9999999999999998,-2.220446049250313e-16,True
NSNS,122,Formation_Channels_Local_Rates_NSNS_xyz_122.csv,L,34.54894761784835,0.0073522965039273,0.9926477034960726,0.9999999999999999,-1.1102230246251565e-16,True
NSNS,122,Formation_Channels_Local_Rates_NSNS_xyz_122.csv,M,37.78635783696501,0.0074070857882016,0.9925929142117982,0.9999999999999998,-2.220446049250313e-16,True
NSNS,122,Formation_Channels_Local_Rates_NSNS_xyz_122.csv,N,40.07403761599288,0.012436511785487,0.9875634882145129,0.9999999999999999,-1.1102230246251565e-16,True
NSNS,122,Formation_Channels_Local_Rates_NSNS_xyz_122.csv,O,38.24920838971133,0.0079095467562082,0.9920904532437916,0.9999999999999999,-1.1102230246251565e-16,True
NSNS,122,Formation_Channels_Local_Rates_NSNS_xyz_122.csv,P,72.16215081723129,0.0213700080928769,0.9786299919071229,0.9999999999999998,-2.220446049250313e-16,True
NSNS,122,Formation_Channels_Local_Rates_NSNS_xyz_122.csv,Q,178.88913637136673,0.1060112805399651,0.8939887194600349,1.0,0.0,True
NSNS,122,Formation_Channels_Local_Rates_NSNS_xyz_122.csv,R,38.93309500546452,0.0061877831084514,0.9938122168915482,0.9999999999999996,-4.440892098500626e-16,True
NSNS,122,Formation_Channels_Local_Rates_NSNS_xyz_122.csv,S,36.5882078156823,0.005905289019095,0.9940935475294996,0.9999988365485947,-1.163451405328253e-06,False
NSNS,122,Formation_Channels_Local_Rates_NSNS_xyz_122.csv,T,36.441672785208816,0.0097808116546566,0.9902191883453433,0.9999999999999999,-1.1102230246251565e-16,True
NSNS,123,Formation_Channels_Local_Rates_NSNS_xyz_123.csv,A,44.42416933752303,0.0095946563281544,0.9904053436718453,0.9999999999999997,-3.3306690738754696e-16,True
NSNS,123,Formation_Channels_Local_Rates_NSNS_xyz_123.csv,B,33.0220285068619,0.13084299861814058,0.8691570013818594,1.0,0.0,True
NSNS,123,Formation_Channels_Local_Rates_NSNS_xyz_123.csv,C,34.165635975689355,0.0374049173716966,0.9625950826283033,0.9999999999999999,-1.1102230246251565e-16,True
NSNS,123,Formation_Channels_Local_Rates_NSNS_xyz_123.csv,D,75.07391261140394,0.0094671919710335,0.9905326938017569,0.9999998857727904,-1.1422720957998678e-07,True
NSNS,123,Formation_Channels_Local_Rates_NSNS_xyz_123.csv,E,1.0071970229160438,0.0,1.0000000000000002,1.0000000000000002,2.220446049250313e-16,True
NSNS,123,Formation_Channels_Local_Rates_NSNS_xyz_123.csv,F,60.71576619318255,0.032061362358136905,0.9679386376418626,0.9999999999999996,-4.440892098500626e-16,True
NSNS,123,Formation_Channels_Local_Rates_NSNS_xyz_123.csv,G,56.97978603700724,0.0006184178162749,0.999381582183725,0.9999999999999999,-1.1102230246251565e-16,True
NSNS,123,Formation_Channels_Local_Rates_NSNS_xyz_123.csv,H,35.08290279031303,0.0102202675844728,0.9897178234750111,0.999938091059484,-6.190894051605333e-05,False
NSNS,123,Formation_Channels_Local_Rates_NSNS_xyz_123.csv,I,107.13665884535038,0.0028157773296424,0.9971842226703576,1.0,0.0,True
NSNS,123,Formation_Channels_Local_Rates_NSNS_xyz_123.csv,J,167.25840236296355,0.0029391513384647,0.9970608486615349,0.9999999999999996,-4.440892098500626e-16,True
NSNS,123,Formation_Channels_Local_Rates_NSNS_xyz_123.csv,K,67.18187211603819,0.0496072156208208,0.9503927843791793,1.0,0.0,True
NSNS,123,Formation_Channels_Local_Rates_NSNS_xyz_123.csv,L,40.6387343398624,0.0086090318970153,0.9913909681029848,1.0,0.0,True
NSNS,123,Formation_Channels_Local_Rates_NSNS_xyz_123.csv,M,43.74221956155835,0.009436820673511,0.9905631793264889,0.9999999999999999,-1.1102230246251565e-16,True
NSNS,123,Formation_Channels_Local_Rates_NSNS_xyz_123.csv,N,46.37638596861695,0.0149972175501988,0.9850027824498007,0.9999999999999994,-5.551115123125783e-16,True
NSNS,123,Formation_Channels_Local_Rates_NSNS_xyz_123.csv,O,43.880482293115776,0.0095398957600486,0.9904601042399512,0.9999999999999998,-2.220446049250313e-16,True
NSNS,123,Formation_Channels_Local_Rates_NSNS_xyz_123.csv,P,84.0153978096368,0.023023303719105,0.9769766962808948,0.9999999999999998,-2.220446049250313e-16,True
NSNS,123,Formation_Channels_Local_Rates_NSNS_xyz_123.csv,Q,233.42797095781893,0.1060235486895861,0.8939764513104136,0.9999999999999997,-3.3306690738754696e-16,True
NSNS,123,Formation_Channels_Local_Rates_NSNS_xyz_123.csv,R,45.163776672309965,0.0076881952474273,0.9923118047525725,0.9999999999999998,-2.220446049250313e-16,True
NSNS,123,Formation_Channels_Local_Rates_NSNS_xyz_123.csv,S,40.557336910174485,0.0082714655826009,0.9917280183186625,0.9999994839012635,-5.16098736524917e-07,True
NSNS,123,Formation_Channels_Local_Rates_NSNS_xyz_123.csv,T,38.3172994650035,0.0095038069239674,0.9904961930760325,0.9999999999999999,-1.1102230246251565e-16,True
NSNS,131,Formation_Channels_Local_Rates_NSNS_xyz_131.csv,A,49.77757010885846,0.0177414913111455,0.9822585086888542,0.9999999999999998,-2.220446049250313e-16,True
NSNS,131,Formation_Channels_Local_Rates_NSNS_xyz_131.csv,B,30.393518427786415,0.2582310312646222,0.7417689687353776,0.9999999999999998,-2.220446049250313e-16,True
NSNS,131,Formation_Channels_Local_Rates_NSNS_xyz_131.csv,C,25.45502292661872,0.0871424576746201,0.9128575423253797,0.9999999999999999,-1.1102230246251565e-16,True
NSNS,131,Formation_Channels_Local_Rates_NSNS_xyz_131.csv,D,65.90393690692039,0.0158853207201975,0.984112927746075,0.9999982484662725,-1.7515337275009202e-06,False
NSNS,131,Formation_Channels_Local_Rates_NSNS_xyz_131.csv,E,2.0497334091629678,0.0,1.0,1.0,0.0,True
NSNS,131,Formation_Channels_Local_Rates_NSNS_xyz_131.csv,F,69.65880205482546,0.0222612751554091,0.9777387248445908,0.9999999999999999,-1.1102230246251565e-16,True
NSNS,131,Formation_Channels_Local_Rates_NSNS_xyz_131.csv,G,79.03500705561756,0.0009228858180323,0.9990771141819677,1.0,0.0,True
NSNS,131,Formation_Channels_Local_Rates_NSNS_xyz_131.csv,H,49.16945744278582,0.0254329498798977,0.9745647771130057,0.9999977269929035,-2.2730070965426563e-06,False
NSNS,131,Formation_Channels_Local_Rates_NSNS_xyz_131.csv,I,213.9996467728648,0.0031532421151696,0.99684675788483,0.9999999999999997,-3.3306690738754696e-16,True
NSNS,131,Formation_Channels_Local_Rates_NSNS_xyz_131.csv,J,389.7195906857621,0.005131985967822,0.9948680140321782,1.0000000000000002,2.220446049250313e-16,True
NSNS,131,Formation_Channels_Local_Rates_NSNS_xyz_131.csv,K,64.51693289161167,0.032067361991531804,0.9679326380084676,0.9999999999999994,-5.551115123125783e-16,True
NSNS,131,Formation_Channels_Local_Rates_NSNS_xyz_131.csv,L,40.62491020930664,0.0173711895481657,0.982628810451834,0.9999999999999998,-2.220446049250313e-16,True
NSNS,131,Formation_Channels_Local_Rates_NSNS_xyz_131.csv,M,46.59339078526031,0.02137575391,0.9786242460899999,0.9999999999999999,-1.1102230246251565e-16,True
NSNS,131,Formation_Channels_Local_Rates_NSNS_xyz_131.csv,N,54.2205166922099,0.027274608030751102,0.9727253919692488,0.9999999999999999,-1.1102230246251565e-16,True
NSNS,131,Formation_Channels_Local_Rates_NSNS_xyz_131.csv,O,49.03634004246375,0.0167270590815325,0.9832729409184677,1.0000000000000002,2.220446049250313e-16,True
NSNS,131,Formation_Channels_Local_Rates_NSNS_xyz_131.csv,P,87.94953520120512,0.0383009713500698,0.9616990286499302,1.0,0.0,True
NSNS,131,Formation_Channels_Local_Rates_NSNS_xyz_131.csv,Q,238.65261127504013,0.1460812930720018,0.8539187069279977,0.9999999999999994,-5.551115123125783e-16,True
NSNS,131,Formation_Channels_Local_Rates_NSNS_xyz_131.csv,R,50.07794199462721,0.0143566558249186,0.9856433441750814,1.0,0.0,True
NSNS,131,Formation_Channels_Local_Rates_NSNS_xyz_131.csv,S,44.945491973607,0.011319041398432,0.9886737672831045,0.9999928086815365,-7.1913184634953e-06,False
NSNS,131,Formation_Channels_Local_Rates_NSNS_xyz_131.csv,T,48.94821806788383,0.0155935442191009,0.9844064557808991,1.0,0.0,True
NSNS,132,Formation_Channels_Local_Rates_NSNS_xyz_132.csv,A,38.57169254112621,0.0086236939235086,0.9913763060764911,0.9999999999999997,-3.3306690738754696e-16,True
NSNS,132,Formation_Channels_Local_Rates_NSNS_xyz_132.csv,B,29.917308593176507,0.0889639533016852,0.9110360466983144,0.9999999999999996,-4.440892098500626e-16,True
NSNS,132,Formation_Channels_Local_Rates_NSNS_xyz_132.csv,C,30.08684074140596,0.027708704065589,0.9722912959344108,0.9999999999999998,-2.220446049250313e-16,True
NSNS,132,Formation_Channels_Local_Rates_NSNS_xyz_132.csv,D,57.80154127497048,0.0091238496569349,0.9908758711988452,0.9999997208557801,-2.7914421985020255e-07,True
NSNS,132,Formation_Channels_Local_Rates_NSNS_xyz_132.csv,E,0.6974444672400639,0.0,1.0,1.0,0.0,True
NSNS,132,Formation_Channels_Local_Rates_NSNS_xyz_132.csv,F,57.10074732170066,0.0401659176745309,0.9598340823254691,1.0,0.0,True
NSNS,132,Formation_Channels_Local_Rates_NSNS_xyz_132.csv,G,58.17064224414069,0.0003093603450191,0.999690639654981,1.0,0.0,True
NSNS,132,Formation_Channels_Local_Rates_NSNS_xyz_132.csv,H,22.461768630918996,0.0147524287225489,0.985189421970304,0.9999418506928529,-5.814930714709288e-05,False
NSNS,132,Formation_Channels_Local_Rates_NSNS_xyz_132.csv,I,87.83006001419182,0.002399103810828,0.997600896189172,1.0,0.0,True
NSNS,132,Formation_Channels_Local_Rates_NSNS_xyz_132.csv,J,137.7078270929203,0.0037967054667760003,0.996203294533224,1.0,0.0,True
NSNS,132,Formation_Channels_Local_Rates_NSNS_xyz_132.csv,K,65.95259761439559,0.0671395014312092,0.9328604985687905,0.9999999999999997,-3.3306690738754696e-16,True
NSNS,132,Formation_Channels_Local_Rates_NSNS_xyz_132.csv,L,34.487493570570805,0.0076428021083937,0.9923571978916064,1.0,0.0,True
NSNS,132,Formation_Channels_Local_Rates_NSNS_xyz_132.csv,M,37.612886477834806,0.0078436745085868,0.992156325491413,0.9999999999999998,-2.220446049250313e-16,True
NSNS,132,Formation_Channels_Local_Rates_NSNS_xyz_132.csv,N,39.99468442296919,0.0132658994934013,0.9867341005065985,0.9999999999999998,-2.220446049250313e-16,True
NSNS,132,Formation_Channels_Local_Rates_NSNS_xyz_132.csv,O,38.10309079223703,0.0086793525402603,0.9913206474597397,1.0,0.0,True
NSNS,132,Formation_Channels_Local_Rates_NSNS_xyz_132.csv,P,71.78131402700922,0.022656747426505,0.9773432525734946,0.9999999999999997,-3.3306690738754696e-16,True
NSNS,132,Formation_Channels_Local_Rates_NSNS_xyz_132.csv,Q,178.40109599302934,0.1107629566357753,0.8892370433642249,1.0000000000000002,2.220446049250313e-16,True
NSNS,132,Formation_Channels_Local_Rates_NSNS_xyz_132.csv,R,38.72401772311609,0.0066591409511869,0.9933408590488129,0.9999999999999998,-2.220446049250313e-16,True
NSNS,132,Formation_Channels_Local_Rates_NSNS_xyz_132.csv,S,36.46433312766956,0.0064711991438764,0.9935275163217561,0.9999987154656325,-1.2845343675405019e-06,False
NSNS,132,Formation_Channels_Local_Rates_NSNS_xyz_132.csv,T,36.28056680589509,0.0101466857422629,0.9898533142577368,0.9999999999999997,-3.3306690738754696e-16,True
NSNS,133,Formation_Channels_Local_Rates_NSNS_xyz_133.csv,A,44.91236595165703,0.0103376179759367,0.9896623820240632,0.9999999999999999,-1.1102230246251565e-16,True
NSNS,133,Formation_Channels_Local_Rates_NSNS_xyz_133.csv,B,33.052601782489425,0.1347230924442675,0.8652769075557324,0.9999999999999999,-1.1102230246251565e-16,True
NSNS,133,Formation_Channels_Local_Rates_NSNS_xyz_133.csv,C,34.23161567809507,0.0394918156518759,0.9605081843481238,0.9999999999999997,-3.3306690738754696e-16,True
NSNS,133,Formation_Channels_Local_Rates_NSNS_xyz_133.csv,D,77.27486188522992,0.0100076536488278,0.9899921761719283,0.9999998298207561,-1.7017924391904415e-07,True
NSNS,133,Formation_Channels_Local_Rates_NSNS_xyz_133.csv,E,1.0674411345502324,0.0,0.9999999999999999,0.9999999999999999,-1.1102230246251565e-16,True
NSNS,133,Formation_Channels_Local_Rates_NSNS_xyz_133.csv,F,60.65328874397141,0.0304476277625283,0.9695523722374715,0.9999999999999998,-2.220446049250313e-16,True
NSNS,133,Formation_Channels_Local_Rates_NSNS_xyz_133.csv,G,55.31934454305535,0.000671897674063,0.9993281023259368,0.9999999999999998,-2.220446049250313e-16,True
NSNS,133,Formation_Channels_Local_Rates_NSNS_xyz_133.csv,H,36.96494569611093,0.0107929304584467,0.9891492561945054,0.9999421866529521,-5.781334704790808e-05,False
NSNS,133,Formation_Channels_Local_Rates_NSNS_xyz_133.csv,I,108.99756909112452,0.0030504796243872,0.9969495203756127,0.9999999999999999,-1.1102230246251565e-16,True
NSNS,133,Formation_Channels_Local_Rates_NSNS_xyz_133.csv,J,179.21425196024342,0.0029647414782499,0.9970352585217501,1.0,0.0,True
NSNS,133,Formation_Channels_Local_Rates_NSNS_xyz_133.csv,K,66.4196858947265,0.046118392532879804,0.95388160746712,0.9999999999999998,-2.220446049250313e-16,True
NSNS,133,Formation_Channels_Local_Rates_NSNS_xyz_133.csv,L,41.35477420239856,0.0092952578301192,0.9907047421698809,1.0000000000000002,2.220446049250313e-16,True
NSNS,133,Formation_Channels_Local_Rates_NSNS_xyz_133.csv,M,44.3065531683492,0.010181325901043,0.9898186740989571,1.0,0.0,True
NSNS,133,Formation_Channels_Local_Rates_NSNS_xyz_133.csv,N,47.05693594649194,0.0160377409332829,0.983962259066717,0.9999999999999999,-1.1102230246251565e-16,True
NSNS,133,Formation_Channels_Local_Rates_NSNS_xyz_133.csv,O,44.33606266764297,0.010285219153081,0.9897147808469188,0.9999999999999998,-2.220446049250313e-16,True
NSNS,133,Formation_Channels_Local_Rates_NSNS_xyz_133.csv,P,85.05363531772387,0.0241224000605237,0.9758775999394761,0.9999999999999998,-2.220446049250313e-16,True
NSNS,133,Formation_Channels_Local_Rates_NSNS_xyz_133.csv,Q,239.554829126938,0.1076492570970004,0.8923507429029999,1.0000000000000002,2.220446049250313e-16,True
NSNS,133,Formation_Channels_Local_Rates_NSNS_xyz_133.csv,R,45.80084116467989,0.0083922252958879,0.9916077747041119,0.9999999999999998,-2.220446049250313e-16,True
NSNS,133,Formation_Channels_Local_Rates_NSNS_xyz_133.csv,S,41.06931885312135,0.0090685156496719,0.990930615653658,0.99999913130333,-8.686966700421905e-07,True
NSNS,133,Formation_Channels_Local_Rates_NSNS_xyz_133.csv,T,38.445552334029536,0.00994731016203,0.9900526898379697,0.9999999999999997,-3.3306690738754696e-16,True
NSNS,211,Formation_Channels_Local_Rates_NSNS_xyz_211.csv,A,46.25346145137679,0.0151121937711208,0.9848878062288793,1.0,0.0,True
NSNS,211,Formation_Channels_Local_Rates_NSNS_xyz_211.csv,B,30.06633801530857,0.2564537580274352,0.7435462419725649,1.0,0.0,True
NSNS,211,Formation_Channels_Local_Rates_NSNS_xyz_211.csv,C,26.18233203135201,0.0809499084455175,0.9190500915544826,1.0,0.0,True
NSNS,211,Formation_Channels_Local_Rates_NSNS_xyz_211.csv,D,66.45909428319138,0.0155185555563043,0.9844807144381398,0.9999992699944441,-7.300055558934204e-07,True
NSNS,211,Formation_Channels_Local_Rates_NSNS_xyz_211.csv,E,2.19344825586,0.0,0.9999999999999998,0.9999999999999998,-2.220446049250313e-16,True
NSNS,211,Formation_Channels_Local_Rates_NSNS_xyz_211.csv,F,63.53012335998481,0.022455922341823798,0.9775440776581761,0.9999999999999999,-1.1102230246251565e-16,True
NSNS,211,Formation_Channels_Local_Rates_NSNS_xyz_211.csv,G,68.88170979774594,0.0009635370367028,0.9990364629632972,1.0,0.0,True
NSNS,211,Formation_Channels_Local_Rates_NSNS_xyz_211.csv,H,54.32780770709903,0.024635087481653,0.9753643060590378,0.9999993935406908,-6.064593092158788e-07,True
NSNS,211,Formation_Channels_Local_Rates_NSNS_xyz_211.csv,I,190.0927340549651,0.0028506428273462,0.9971493571726538,1.0,0.0,True
NSNS,211,Formation_Channels_Local_Rates_NSNS_xyz_211.csv,J,375.6481375718724,0.0044556406698745,0.9955443593301252,0.9999999999999997,-3.3306690738754696e-16,True
NSNS,211,Formation_Channels_Local_Rates_NSNS_xyz_211.csv,K,60.11584651805053,0.0303629594594589,0.969637040540541,0.9999999999999999,-1.1102230246251565e-16,True
NSNS,211,Formation_Channels_Local_Rates_NSNS_xyz_211.csv,L,38.12249753091616,0.0178906295885371,0.982109370411463,1.0,0.0,True
NSNS,211,Formation_Channels_Local_Rates_NSNS_xyz_211.csv,M,44.61537157979824,0.0199834644666773,0.9800165355333226,0.9999999999999999,-1.1102230246251565e-16,True
NSNS,211,Formation_Channels_Local_Rates_NSNS_xyz_211.csv,N,50.86997402302055,0.029445483211405,0.970554516788595,1.0,0.0,True
NSNS,211,Formation_Channels_Local_Rates_NSNS_xyz_211.csv,O,45.95128609366596,0.0154212375189868,0.9845787624810132,1.0,0.0,True
NSNS,211,Formation_Channels_Local_Rates_NSNS_xyz_211.csv,P,84.62836160457545,0.039032750611549,0.9609672493884508,0.9999999999999998,-2.220446049250313e-16,True
NSNS,211,Formation_Channels_Local_Rates_NSNS_xyz_211.csv,Q,229.6732476467676,0.136025823495495,0.8639741765045045,0.9999999999999994,-5.551115123125783e-16,True
NSNS,211,Formation_Channels_Local_Rates_NSNS_xyz_211.csv,R,47.06565929389416,0.011889552052141,0.988110447947859,1.0,0.0,True
NSNS,211,Formation_Channels_Local_Rates_NSNS_xyz_211.csv,S,42.06128571806922,0.0130584944831145,0.9869386576202511,0.9999971521033656,-2.8478966344058776e-06,False
NSNS,211,Formation_Channels_Local_Rates_NSNS_xyz_211.csv,T,46.53168062289423,0.0162650249323828,0.9837349750676169,0.9999999999999997,-3.3306690738754696e-16,True
NSNS,212,Formation_Channels_Local_Rates_NSNS_xyz_212.csv,A,36.08295281269679,0.0054195637223509,0.9945804362776488,0.9999999999999997,-3.3306690738754696e-16,True
NSNS,212,Formation_Channels_Local_Rates_NSNS_xyz_212.csv,B,29.646582639316293,0.0829588988057296,0.9170411011942704,1.0,0.0,True
NSNS,212,Formation_Channels_Local_Rates_NSNS_xyz_212.csv,C,31.3609074993363,0.0214080892565898,0.9785919107434099,0.9999999999999997,-3.3306690738754696e-16,True
NSNS,212,Formation_Channels_Local_Rates_NSNS_xyz_212.csv,D,57.20651839481531,0.0095568550941582,0.9904431153493725,0.9999999704435306,-2.9556469383074102e-08,True
NSNS,212,Formation_Channels_Local_Rates_NSNS_xyz_212.csv,E,0.6639274231537777,0.0,1.0,1.0,0.0,True
NSNS,212,Formation_Channels_Local_Rates_NSNS_xyz_212.csv,F,49.226554553128246,0.0429973451992536,0.9570026548007463,0.9999999999999999,-1.1102230246251565e-16,True
NSNS,212,Formation_Channels_Local_Rates_NSNS_xyz_212.csv,G,59.234346903042216,0.0001844039536922,0.999815596046308,1.0000000000000002,2.220446049250313e-16,True
NSNS,212,Formation_Channels_Local_Rates_NSNS_xyz_212.csv,H,21.717919594989777,0.0087748073855162,0.9911714095511578,0.999946216936674,-5.378306332604055e-05,False
NSNS,212,Formation_Channels_Local_Rates_NSNS_xyz_212.csv,I,77.08846085784411,0.0022038025578555,0.9977961974421445,1.0,0.0,True
NSNS,212,Formation_Channels_Local_Rates_NSNS_xyz_212.csv,J,113.3415822789437,0.0027034937597937,0.9972965062402058,0.9999999999999996,-4.440892098500626e-16,True
NSNS,212,Formation_Channels_Local_Rates_NSNS_xyz_212.csv,K,62.350435768670536,0.0734186170536138,0.9265813829463861,1.0,0.0,True
NSNS,212,Formation_Channels_Local_Rates_NSNS_xyz_212.csv,L,32.211190053660815,0.0089234583546788,0.9910765416453209,0.9999999999999997,-3.3306690738754696e-16,True
NSNS,212,Formation_Channels_Local_Rates_NSNS_xyz_212.csv,M,34.7963344280824,0.0046070773947309,0.9953929226052691,1.0,0.0,True
NSNS,212,Formation_Channels_Local_Rates_NSNS_xyz_212.csv,N,37.29740829274013,0.0127504087372663,0.9872495912627337,1.0,0.0,True
NSNS,212,Formation_Channels_Local_Rates_NSNS_xyz_212.csv,O,35.49527945251588,0.0065923857784838,0.9934076142215158,0.9999999999999996,-4.440892098500626e-16,True
NSNS,212,Formation_Channels_Local_Rates_NSNS_xyz_212.csv,P,66.7811986194298,0.0202902099917899,0.9797097900082101,1.0,0.0,True
NSNS,212,Formation_Channels_Local_Rates_NSNS_xyz_212.csv,Q,162.88933001957878,0.1029708400782994,0.8970291599217004,0.9999999999999998,-2.220446049250313e-16,True
NSNS,212,Formation_Channels_Local_Rates_NSNS_xyz_212.csv,R,36.16811222369484,0.0049284792772436,0.9950715207227561,0.9999999999999997,-3.3306690738754696e-16,True
NSNS,212,Formation_Channels_Local_Rates_NSNS_xyz_212.csv,S,33.72086138349912,0.0042158671985852,0.9957840124602899,0.9999998796588752,-1.2034112484293757e-07,True
NSNS,212,Formation_Channels_Local_Rates_NSNS_xyz_212.csv,T,34.582397158617184,0.0080935875329312,0.9919064124670687,0.9999999999999999,-1.1102230246251565e-16,True
NSNS,213,Formation_Channels_Local_Rates_NSNS_xyz_213.csv,A,42.228450060747335,0.0083920700108039,0.9916079299891958,0.9999999999999997,-3.3306690738754696e-16,True
NSNS,213,Formation_Channels_Local_Rates_NSNS_xyz_213.csv,B,34.31384350434201,0.1292534593395533,0.8707465406604467,1.0,0.0,True
NSNS,213,Formation_Channels_Local_Rates_NSNS_xyz_213.csv,C,35.4061097655171,0.0346463149018083,0.9653536850981914,0.9999999999999997,-3.3306690738754696e-16,True
NSNS,213,Formation_Channels_Local_Rates_NSNS_xyz_213.csv,D,79.67427534104344,0.0084729866295882,0.9915270053317025,0.9999999919612906,-8.038709364832641e-09,True
NSNS,213,Formation_Channels_Local_Rates_NSNS_xyz_213.csv,E,0.939695372891994,0.0,1.0,1.0,0.0,True
NSNS,213,Formation_Channels_Local_Rates_NSNS_xyz_213.csv,F,51.87574466597645,0.0329498263322422,0.9670501736677575,0.9999999999999997,-3.3306690738754696e-16,True
NSNS,213,Formation_Channels_Local_Rates_NSNS_xyz_213.csv,G,53.34516476881439,0.0005125643346028,0.9994874356653972,1.0,0.0,True
NSNS,213,Formation_Channels_Local_Rates_NSNS_xyz_213.csv,H,36.28469546590559,0.0045041645114306,0.9954275702723165,0.9999317347837472,-6.826521625280524e-05,False
NSNS,213,Formation_Channels_Local_Rates_NSNS_xyz_213.csv,I,94.5629102046141,0.002754257298951,0.9972457427010485,0.9999999999999994,-5.551115123125783e-16,True
NSNS,213,Formation_Channels_Local_Rates_NSNS_xyz_213.csv,J,153.35471387725286,0.0018212622141428,0.9981787377858572,1.0,0.0,True
NSNS,213,Formation_Channels_Local_Rates_NSNS_xyz_213.csv,K,63.039418493338346,0.0520053886585016,0.9479946113414981,0.9999999999999997,-3.3306690738754696e-16,True
NSNS,213,Formation_Channels_Local_Rates_NSNS_xyz_213.csv,L,38.89043314519584,0.0072081951942114,0.9927918048057884,0.9999999999999999,-1.1102230246251565e-16,True
NSNS,213,Formation_Channels_Local_Rates_NSNS_xyz_213.csv,M,40.900483075454765,0.0065271061116695,0.9934728938883304,0.9999999999999999,-1.1102230246251565e-16,True
NSNS,213,Formation_Channels_Local_Rates_NSNS_xyz_213.csv,N,43.56532711668868,0.0132940558629308,0.9867059441370691,0.9999999999999999,-1.1102230246251565e-16,True
NSNS,213,Formation_Channels_Local_Rates_NSNS_xyz_213.csv,O,41.71688041239214,0.0088957794869073,0.9911042205130927,1.0,0.0,True
NSNS,213,Formation_Channels_Local_Rates_NSNS_xyz_213.csv,P,79.15568284926304,0.0209739225862441,0.979026077413756,1.0000000000000002,2.220446049250313e-16,True
NSNS,213,Formation_Channels_Local_Rates_NSNS_xyz_213.csv,Q,221.07020049853764,0.1072834809032547,0.8927165190967452,0.9999999999999999,-1.1102230246251565e-16,True
NSNS,213,Formation_Channels_Local_Rates_NSNS_xyz_213.csv,R,43.157030680469056,0.0063382258277866,0.9936617741722134,1.0,0.0,True
NSNS,213,Formation_Channels_Local_Rates_NSNS_xyz_213.csv,S,37.7183753132023,0.0081714191343579,0.9918285486672229,0.9999999678015808,-3.2198419153139923e-08,True
NSNS,213,Formation_Channels_Local_Rates_NSNS_xyz_213.csv,T,37.34977258927847,0.0075522532795555,0.9924477467204442,0.9999999999999998,-2.220446049250313e-16,True
NSNS,221,Formation_Channels_Local_Rates_NSNS_xyz_221.csv,A,45.74555879797179,0.0175446426087367,0.9824553573912633,1.0,0.0,True
NSNS,221,Formation_Channels_Local_Rates_NSNS_xyz_221.csv,B,27.99927499127754,0.2421304182489262,0.7578695817510738,1.0,0.0,True
NSNS,221,Formation_Channels_Local_Rates_NSNS_xyz_221.csv,C,24.66008952487205,0.0835348515890996,0.9164651484109004,1.0,0.0,True
NSNS,221,Formation_Channels_Local_Rates_NSNS_xyz_221.csv,D,63.09344538832899,0.0159607805054484,0.9840373393545248,0.9999981198599731,-1.8801400268886326e-06,False
NSNS,221,Formation_Channels_Local_Rates_NSNS_xyz_221.csv,E,1.94295410792346,0.0,0.9999999999999999,0.9999999999999999,-1.1102230246251565e-16,True
NSNS,221,Formation_Channels_Local_Rates_NSNS_xyz_221.csv,F,59.25711067283169,0.0212154336699291,0.9787845663300707,0.9999999999999998,-2.220446049250313e-16,True
NSNS,221,Formation_Channels_Local_Rates_NSNS_xyz_221.csv,G,70.24729505681958,0.0008579217648393,0.9991420782351607,1.0,0.0,True
NSNS,221,Formation_Channels_Local_Rates_NSNS_xyz_221.csv,H,46.45921638642169,0.0262351893537384,0.9737616614098944,0.9999968507636328,-3.149236367239183e-06,False
NSNS,221,Formation_Channels_Local_Rates_NSNS_xyz_221.csv,I,191.0623768025558,0.0033421881321592,0.9966578118678403,0.9999999999999996,-4.440892098500626e-16,True
NSNS,221,Formation_Channels_Local_Rates_NSNS_xyz_221.csv,J,411.853474853317,0.0060982215192304,0.9939017784807693,0.9999999999999998,-2.220446049250313e-16,True
NSNS,221,Formation_Channels_Local_Rates_NSNS_xyz_221.csv,K,58.00583578163355,0.0311788524894436,0.9688211475105561,0.9999999999999998,-2.220446049250313e-16,True
NSNS,221,Formation_Channels_Local_Rates_NSNS_xyz_221.csv,L,38.19837081742658,0.0175793355978439,0.982420664402156,0.9999999999999999,-1.1102230246251565e-16,True
NSNS,221,Formation_Channels_Local_Rates_NSNS_xyz_221.csv,M,43.129710784698375,0.0219401430706288,0.9780598569293707,0.9999999999999994,-5.551115123125783e-16,True
NSNS,221,Formation_Channels_Local_Rates_NSNS_xyz_221.csv,N,50.149511014157646,0.0303921577339408,0.9696078422660583,0.9999999999999991,-8.881784197001252e-16,True
NSNS,221,Formation_Channels_Local_Rates_NSNS_xyz_221.csv,O,45.33014342118799,0.0173419322650074,0.9826580677349924,0.9999999999999998,-2.220446049250313e-16,True
NSNS,221,Formation_Channels_Local_Rates_NSNS_xyz_221.csv,P,82.05490050598901,0.0425818203417361,0.9574181796582633,0.9999999999999993,-6.661338147750939e-16,True
NSNS,221,Formation_Channels_Local_Rates_NSNS_xyz_221.csv,Q,219.84914953416904,0.1525599899043547,0.8474400100956452,0.9999999999999999,-1.1102230246251565e-16,True
NSNS,221,Formation_Channels_Local_Rates_NSNS_xyz_221.csv,R,46.28449634396473,0.0139304376265168,0.986069562373483,0.9999999999999998,-2.220446049250313e-16,True
NSNS,221,Formation_Channels_Local_Rates_NSNS_xyz_221.csv,S,41.30062490751432,0.0119910582216816,0.988000415276511,0.9999914734981925,-8.526501807493148e-06,False
NSNS,221,Formation_Channels_Local_Rates_NSNS_xyz_221.csv,T,44.67096659044174,0.0165236434917331,0.9834763565082666,0.9999999999999997,-3.3306690738754696e-16,True
NSNS,222,Formation_Channels_Local_Rates_NSNS_xyz_222.csv,A,35.786092465322305,0.0079304483533712,0.9920695516466287,0.9999999999999999,-1.1102230246251565e-16,True
NSNS,222,Formation_Channels_Local_Rates_NSNS_xyz_222.csv,B,28.297770284034726,0.0962320071093121,0.903767992890688,1.0,0.0,True
NSNS,222,Formation_Channels_Local_Rates_NSNS_xyz_222.csv,C,28.549670983147223,0.0288169757813673,0.9711830242186326,0.9999999999999999,-1.1102230246251565e-16,True
NSNS,222,Formation_Channels_Local_Rates_NSNS_xyz_222.csv,D,54.82008211191032,0.0107482236436725,0.989251545956745,0.9999997696004175,-2.303995825236882e-07,True
NSNS,222,Formation_Channels_Local_Rates_NSNS_xyz_222.csv,E,0.7509595399379061,0.0,1.0,1.0,0.0,True
NSNS,222,Formation_Channels_Local_Rates_NSNS_xyz_222.csv,F,49.89043509266083,0.0408650238666451,0.9591349761333547,0.9999999999999999,-1.1102230246251565e-16,True
NSNS,222,Formation_Channels_Local_Rates_NSNS_xyz_222.csv,G,56.10928776143135,0.0002816047973266,0.9997183952026735,1.0,0.0,True
NSNS,222,Formation_Channels_Local_Rates_NSNS_xyz_222.csv,H,24.0221515957574,0.0169769515035031,0.9829791588542529,0.999956110357756,-4.388964224399938e-05,False
NSNS,222,Formation_Channels_Local_Rates_NSNS_xyz_222.csv,I,86.89576053527901,0.0024846169715246,0.9975153830284755,1.0000000000000002,2.220446049250313e-16,True
NSNS,222,Formation_Channels_Local_Rates_NSNS_xyz_222.csv,J,178.73595103306917,0.0050126930956049,0.9949873069043949,0.9999999999999998,-2.220446049250313e-16,True
NSNS,222,Formation_Channels_Local_Rates_NSNS_xyz_222.csv,K,60.00586475184456,0.06797179124941799,0.9320282087505818,0.9999999999999998,-2.220446049250313e-16,True
NSNS,222,Formation_Channels_Local_Rates_NSNS_xyz_222.csv,L,31.81726845909421,0.0084765601740879,0.991523439825912,0.9999999999999999,-1.1102230246251565e-16,True
NSNS,222,Formation_Channels_Local_Rates_NSNS_xyz_222.csv,M,34.936233249727835,0.0080955567242629,0.9919044432757371,1.0,0.0,True
NSNS,222,Formation_Channels_Local_Rates_NSNS_xyz_222.csv,N,37.3581884518477,0.015116043725047799,0.9848839562749522,1.0,0.0,True
NSNS,222,Formation_Channels_Local_Rates_NSNS_xyz_222.csv,O,35.541837061095265,0.0085470197788818,0.9914529802211178,0.9999999999999997,-3.3306690738754696e-16,True
NSNS,222,Formation_Channels_Local_Rates_NSNS_xyz_222.csv,P,66.84535464943909,0.0266957130886316,0.9733042869113682,0.9999999999999998,-2.220446049250313e-16,True
NSNS,222,Formation_Channels_Local_Rates_NSNS_xyz_222.csv,Q,163.32647771526956,0.1201135576743578,0.8798864423256418,0.9999999999999997,-3.3306690738754696e-16,True
NSNS,222,Formation_Channels_Local_Rates_NSNS_xyz_222.csv,R,36.00751301080385,0.0065911063136743,0.9934088936863252,0.9999999999999996,-4.440892098500626e-16,True
NSNS,222,Formation_Channels_Local_Rates_NSNS_xyz_222.csv,S,33.68467887231218,0.0067962440054835,0.9932026691969467,0.9999989132024302,-1.0867975698269916e-06,False
NSNS,222,Formation_Channels_Local_Rates_NSNS_xyz_222.csv,T,34.847334365037725,0.0105280819332822,0.9894719180667174,0.9999999999999997,-3.3306690738754696e-16,True
NSNS,223,Formation_Channels_Local_Rates_NSNS_xyz_223.csv,A,40.910114944356586,0.0096521336104417,0.990347866389558,0.9999999999999997,-3.3306690738754696e-16,True
NSNS,223,Formation_Channels_Local_Rates_NSNS_xyz_223.csv,B,31.51754034389888,0.1378704944875069,0.862129505512493,0.9999999999999999,-1.1102230246251565e-16,True
NSNS,223,Formation_Channels_Local_Rates_NSNS_xyz_223.csv,C,31.80195599350953,0.0398256484031014,0.9601743515968982,0.9999999999999997,-3.3306690738754696e-16,True
NSNS,223,Formation_Channels_Local_Rates_NSNS_xyz_223.csv,D,71.2224786725094,0.0113281210920091,0.9886717765327374,0.9999998976247465,-1.0237525349676702e-07,True
NSNS,223,Formation_Channels_Local_Rates_NSNS_xyz_223.csv,E,1.128541518248391,0.0,1.0,1.0,0.0,True
NSNS,223,Formation_Channels_Local_Rates_NSNS_xyz_223.csv,F,52.76902671065207,0.0323902884013435,0.9676097115986564,0.9999999999999999,-1.1102230246251565e-16,True
NSNS,223,Formation_Channels_Local_Rates_NSNS_xyz_223.csv,G,52.83370426620554,0.0005749894104024,0.9994250105895977,1.0,0.0,True
NSNS,223,Formation_Channels_Local_Rates_NSNS_xyz_223.csv,H,37.15124993874392,0.0126709207677426,0.9872769786206896,0.9999478993884322,-5.2100611567795774e-05,False
NSNS,223,Formation_Channels_Local_Rates_NSNS_xyz_223.csv,I,104.25558273612174,0.0029614382402716,0.9970385617597279,0.9999999999999996,-4.440892098500626e-16,True
NSNS,223,Formation_Channels_Local_Rates_NSNS_xyz_223.csv,J,211.21742937195407,0.0034979494082007997,0.9965020505917987,0.9999999999999996,-4.440892098500626e-16,True
NSNS,223,Formation_Channels_Local_Rates_NSNS_xyz_223.csv,K,60.6594172208692,0.048972130274539796,0.9510278697254599,0.9999999999999998,-2.220446049250313e-16,True
NSNS,223,Formation_Channels_Local_Rates_NSNS_xyz_223.csv,L,37.22801088424095,0.0103559737297489,0.9896440262702506,0.9999999999999996,-4.440892098500626e-16,True
NSNS,223,Formation_Channels_Local_Rates_NSNS_xyz_223.csv,M,40.122350888358,0.0098920446045513,0.9901079553954484,0.9999999999999997,-3.3306690738754696e-16,True
NSNS,223,Formation_Channels_Local_Rates_NSNS_xyz_223.csv,N,43.09368338128147,0.017924858178234,0.9820751418217657,0.9999999999999997,-3.3306690738754696e-16,True
NSNS,223,Formation_Channels_Local_Rates_NSNS_xyz_223.csv,O,40.55889691131924,0.0104548191847506,0.9895451808152493,0.9999999999999999,-1.1102230246251565e-16,True
NSNS,223,Formation_Channels_Local_Rates_NSNS_xyz_223.csv,P,77.07152329499905,0.0269301820160558,0.973069817983944,0.9999999999999998,-2.220446049250313e-16,True
NSNS,223,Formation_Channels_Local_Rates_NSNS_xyz_223.csv,Q,209.5072471663117,0.1158877541571895,0.8841122458428101,0.9999999999999996,-4.440892098500626e-16,True
NSNS,223,Formation_Channels_Local_Rates_NSNS_xyz_223.csv,R,41.65874206958375,0.0079888590697237,0.9920111409302763,1.0,0.0,True
NSNS,223,Formation_Channels_Local_Rates_NSNS_xyz_223.csv,S,37.33096380542303,0.0090400758094435,0.9909594419933303,0.9999995178027739,-4.821972261481733e-07,True
NSNS,223,Formation_Channels_Local_Rates_NSNS_xyz_223.csv,T,37.272197447800266,0.0100225311826641,0.9899774688173356,0.9999999999999997,-3.3306690738754696e-16,True
NSNS,231,Formation_Channels_Local_Rates_NSNS_xyz_231.csv,A,44.38700422148108,0.0184099898960748,0.9815900101039252,1.0,0.0,True
NSNS,231,Formation_Channels_Local_Rates_NSNS_xyz_231.csv,B,27.513761475859997,0.2527312250253949,0.7472687749746052,1.0,0.0,True
NSNS,231,Formation_Channels_Local_Rates_NSNS_xyz_231.csv,C,22.82245266462949,0.0905444890084332,0.909455510991567,1.0000000000000002,2.220446049250313e-16,True
NSNS,231,Formation_Channels_Local_Rates_NSNS_xyz_231.csv,D,59.0112803249064,0.0167389445586596,0.9832593922267705,0.9999983367854302,-1.6632145698469714e-06,False
NSNS,231,Formation_Channels_Local_Rates_NSNS_xyz_231.csv,E,1.94317918790802,0.0,1.0,1.0,0.0,True
NSNS,231,Formation_Channels_Local_Rates_NSNS_xyz_231.csv,F,60.10759159382077,0.0221594785213755,0.9778405214786243,0.9999999999999998,-2.220446049250313e-16,True
NSNS,231,Formation_Channels_Local_Rates_NSNS_xyz_231.csv,G,69.78175477378481,0.0008853365669174,0.9991146634330828,1.0000000000000002,2.220446049250313e-16,True
NSNS,231,Formation_Channels_Local_Rates_NSNS_xyz_231.csv,H,46.08681265172061,0.0271151991711325,0.9728827260651437,0.9999979252362762,-2.0747637238249794e-06,False
NSNS,231,Formation_Channels_Local_Rates_NSNS_xyz_231.csv,I,193.3642533983983,0.0032720731282158,0.9967279268717839,0.9999999999999997,-3.3306690738754696e-16,True
NSNS,231,Formation_Channels_Local_Rates_NSNS_xyz_231.csv,J,434.1792272023352,0.0060944292690914,0.993905570730908,0.9999999999999994,-5.551115123125783e-16,True
NSNS,231,Formation_Channels_Local_Rates_NSNS_xyz_231.csv,K,57.04920177773805,0.032149504465231,0.9678504955347691,1.0,0.0,True
NSNS,231,Formation_Channels_Local_Rates_NSNS_xyz_231.csv,L,36.4652203835938,0.0189090820118524,0.9810909179881475,0.9999999999999999,-1.1102230246251565e-16,True
NSNS,231,Formation_Channels_Local_Rates_NSNS_xyz_231.csv,M,41.55974131310436,0.0230155026160711,0.9769844973839288,0.9999999999999999,-1.1102230246251565e-16,True
NSNS,231,Formation_Channels_Local_Rates_NSNS_xyz_231.csv,N,48.80996214732768,0.031905842864779196,0.9680941571352206,0.9999999999999998,-2.220446049250313e-16,True
NSNS,231,Formation_Channels_Local_Rates_NSNS_xyz_231.csv,O,43.9726565349598,0.0183209018881323,0.9816790981118676,0.9999999999999999,-1.1102230246251565e-16,True
NSNS,231,Formation_Channels_Local_Rates_NSNS_xyz_231.csv,P,79.11355615413028,0.0450388477562819,0.954961152243718,0.9999999999999999,-1.1102230246251565e-16,True
NSNS,231,Formation_Channels_Local_Rates_NSNS_xyz_231.csv,Q,210.6060453973394,0.1625823265047923,0.837417673495207,0.9999999999999993,-6.661338147750939e-16,True
NSNS,231,Formation_Channels_Local_Rates_NSNS_xyz_231.csv,R,44.659881225343575,0.0145471463515107,0.9854528536484891,0.9999999999999998,-2.220446049250313e-16,True
NSNS,231,Formation_Channels_Local_Rates_NSNS_xyz_231.csv,S,40.05909202122097,0.0115383613813837,0.9884546998046603,0.9999930611860439,-6.938813956081091e-06,False
NSNS,231,Formation_Channels_Local_Rates_NSNS_xyz_231.csv,T,44.46297956397195,0.017396658016009,0.9826033419839906,0.9999999999999996,-4.440892098500626e-16,True
NSNS,232,Formation_Channels_Local_Rates_NSNS_xyz_232.csv,A,35.714973830550974,0.0086809218491411,0.9913190781508585,0.9999999999999997,-3.3306690738754696e-16,True
NSNS,232,Formation_Channels_Local_Rates_NSNS_xyz_232.csv,B,28.3596687576002,0.0966030924590558,0.903396907540944,0.9999999999999998,-2.220446049250313e-16,True
NSNS,232,Formation_Channels_Local_Rates_NSNS_xyz_232.csv,C,28.177889761142552,0.0303987521144019,0.9696012478855978,0.9999999999999997,-3.3306690738754696e-16,True
NSNS,232,Formation_Channels_Local_Rates_NSNS_xyz_232.csv,D,55.51708462380358,0.0114266090517864,0.9885731438356302,0.9999997528874166,-2.471125833958254e-07,True
NSNS,232,Formation_Channels_Local_Rates_NSNS_xyz_232.csv,E,0.7961646401431712,0.0,0.9999999999999999,0.9999999999999999,-1.1102230246251565e-16,True
NSNS,232,Formation_Channels_Local_Rates_NSNS_xyz_232.csv,F,49.53596962355809,0.040324861004016097,0.9596751389959837,0.9999999999999998,-2.220446049250313e-16,True
NSNS,232,Formation_Channels_Local_Rates_NSNS_xyz_232.csv,G,54.19064895745736,0.0002863515889959,0.9997136484110041,1.0,0.0,True
NSNS,232,Formation_Channels_Local_Rates_NSNS_xyz_232.csv,H,24.795687411611013,0.0174598006106623,0.9824932818212797,0.999953082431942,-4.6917568057969206e-05,False
NSNS,232,Formation_Channels_Local_Rates_NSNS_xyz_232.csv,I,86.76973874238159,0.0026305284938723,0.9973694715061279,1.0000000000000002,2.220446049250313e-16,True
NSNS,232,Formation_Channels_Local_Rates_NSNS_xyz_232.csv,J,189.7856567844221,0.0046711580319475,0.9953288419680523,0.9999999999999998,-2.220446049250313e-16,True
NSNS,232,Formation_Channels_Local_Rates_NSNS_xyz_232.csv,K,59.42500064949013,0.0657813028270923,0.9342186971729076,0.9999999999999999,-1.1102230246251565e-16,True
NSNS,232,Formation_Channels_Local_Rates_NSNS_xyz_232.csv,L,31.8031108273707,0.0087169852763743,0.9912830147236256,0.9999999999999999,-1.1102230246251565e-16,True
NSNS,232,Formation_Channels_Local_Rates_NSNS_xyz_232.csv,M,34.85731979277057,0.0085552278942603,0.9914447721057396,0.9999999999999999,-1.1102230246251565e-16,True
NSNS,232,Formation_Channels_Local_Rates_NSNS_xyz_232.csv,N,37.371719961786674,0.0159779196381467,0.984022080361853,0.9999999999999997,-3.3306690738754696e-16,True
NSNS,232,Formation_Channels_Local_Rates_NSNS_xyz_232.csv,O,35.470301329483185,0.0093975647077695,0.9906024352922305,1.0,0.0,True
NSNS,232,Formation_Channels_Local_Rates_NSNS_xyz_232.csv,P,66.6393867955578,0.0287629979046534,0.9712370020953462,0.9999999999999997,-3.3306690738754696e-16,True
NSNS,232,Formation_Channels_Local_Rates_NSNS_xyz_232.csv,Q,162.88730108800485,0.1248810400912486,0.8751189599087514,1.0,0.0,True
NSNS,232,Formation_Channels_Local_Rates_NSNS_xyz_232.csv,R,35.88213618299575,0.0069924360963914,0.9930075639036084,0.9999999999999999,-1.1102230246251565e-16,True
NSNS,232,Formation_Channels_Local_Rates_NSNS_xyz_232.csv,S,33.6283767612555,0.0074060379833197,0.9925927641739994,0.9999988021573192,-1.1978426808223475e-06,False
NSNS,232,Formation_Channels_Local_Rates_NSNS_xyz_232.csv,T,34.79241008548934,0.0108942078162563,0.9891057921837437,1.0,0.0,True
NSNS,233,Formation_Channels_Local_Rates_NSNS_xyz_233.csv,A,41.47236046367636,0.0103676311356342,0.9896323688643658,1.0,0.0,True
NSNS,233,Formation_Channels_Local_Rates_NSNS_xyz_233.csv,B,31.59780893577985,0.1419902916960818,0.8580097083039182,1.0,0.0,True
NSNS,233,Formation_Channels_Local_Rates_NSNS_xyz_233.csv,C,31.89890405630615,0.0420792536699216,0.9579207463300782,0.9999999999999998,-2.220446049250313e-16,True
NSNS,233,Formation_Channels_Local_Rates_NSNS_xyz_233.csv,D,73.18678572422918,0.0122401418386888,0.9877597053816269,0.9999998472203158,-1.527796842371032e-07,True
NSNS,233,Formation_Channels_Local_Rates_NSNS_xyz_233.csv,E,1.2388580529667146,0.0,0.9999999999999998,0.9999999999999998,-2.220446049250313e-16,True
NSNS,233,Formation_Channels_Local_Rates_NSNS_xyz_233.csv,F,52.77493721182387,0.0308501862374424,0.9691498137625576,1.0,0.0,True
NSNS,233,Formation_Channels_Local_Rates_NSNS_xyz_233.csv,G,51.38378650575368,0.0006247400301207,0.999375259969879,0.9999999999999997,-3.3306690738754696e-16,True
NSNS,233,Formation_Channels_Local_Rates_NSNS_xyz_233.csv,H,39.46702385370074,0.0135137596824848,0.9864379941525241,0.9999517538350089,-4.82461649911059e-05,False
NSNS,233,Formation_Channels_Local_Rates_NSNS_xyz_233.csv,I,106.41961611589458,0.0032149166563929,0.9967850833436069,0.9999999999999999,-1.1102230246251565e-16,True
NSNS,233,Formation_Channels_Local_Rates_NSNS_xyz_233.csv,J,220.69784755074105,0.0034124364686812,0.9965875635313187,0.9999999999999999,-1.1102230246251565e-16,True
NSNS,233,Formation_Channels_Local_Rates_NSNS_xyz_233.csv,K,60.07908125378301,0.045320549868306095,0.954679450131694,1.0,0.0,True
NSNS,233,Formation_Channels_Local_Rates_NSNS_xyz_233.csv,L,37.98486944635594,0.0115357604681897,0.9884642395318102,0.9999999999999999,-1.1102230246251565e-16,True
NSNS,233,Formation_Channels_Local_Rates_NSNS_xyz_233.csv,M,40.69920980724777,0.0106780693329403,0.9893219306670598,1.0,0.0,True
NSNS,233,Formation_Channels_Local_Rates_NSNS_xyz_233.csv,N,43.94224305761024,0.019319356491113597,0.9806806435088862,0.9999999999999998,-2.220446049250313e-16,True
NSNS,233,Formation_Channels_Local_Rates_NSNS_xyz_233.csv,O,40.98469118038931,0.0113905978096881,0.9886094021903118,0.9999999999999999,-1.1102230246251565e-16,True
NSNS,233,Formation_Channels_Local_Rates_NSNS_xyz_233.csv,P,78.13390406355873,0.029163538310447,0.9708364616895526,0.9999999999999997,-3.3306690738754696e-16,True
NSNS,233,Formation_Channels_Local_Rates_NSNS_xyz_233.csv,Q,214.4728955588769,0.1168697745910665,0.8831302254089337,1.0000000000000002,2.220446049250313e-16,True
NSNS,233,Formation_Channels_Local_Rates_NSNS_xyz_233.csv,R,42.36156877487934,0.0086685515917392,0.9913314484082607,0.9999999999999999,-1.1102230246251565e-16,True
NSNS,233,Formation_Channels_Local_Rates_NSNS_xyz_233.csv,S,37.9434763094601,0.0098172225134752,0.990181968874448,0.9999991913879231,-8.086120768524552e-07,True
NSNS,233,Formation_Channels_Local_Rates_NSNS_xyz_233.csv,T,37.657565976719695,0.0105142157984183,0.9894857842015816,0.9999999999999999,-1.1102230246251565e-16,True
NSNS,311,Formation_Channels_Local_Rates_NSNS_xyz_311.csv,A,34.06170461142221,0.0153092110777548,0.9846907889222454,1.0000000000000002,2.220446049250313e-16,True
NSNS,311,Formation_Channels_Local_Rates_NSNS_xyz_311.csv,B,21.88873797883672,0.2610303710608193,0.7389696289391804,0.9999999999999997,-3.3306690738754696e-16,True
NSNS,311,Formation_Channels_Local_Rates_NSNS_xyz_311.csv,C,19.19205704772345,0.0787419133499901,0.9212580866500096,0.9999999999999998,-2.220446049250313e-16,True
NSNS,311,Formation_Channels_Local_Rates_NSNS_xyz_311.csv,D,48.747087788028985,0.0139076864789872,0.9860915444589651,0.9999992309379523,-7.69062047711877e-07,True
NSNS,311,Formation_Channels_Local_Rates_NSNS_xyz_311.csv,E,1.5050039952029,0.0,1.0,1.0,0.0,True
NSNS,311,Formation_Channels_Local_Rates_NSNS_xyz_311.csv,F,48.39609317332999,0.022520494734347397,0.9774795052656524,0.9999999999999998,-2.220446049250313e-16,True
NSNS,311,Formation_Channels_Local_Rates_NSNS_xyz_311.csv,G,51.22932698026465,0.0009996877645811,0.9990003122354185,0.9999999999999997,-3.3306690738754696e-16,True
NSNS,311,Formation_Channels_Local_Rates_NSNS_xyz_311.csv,H,38.21365939557688,0.0228462851657187,0.9771530552875095,0.9999993404532282,-6.595467717529502e-07,True
NSNS,311,Formation_Channels_Local_Rates_NSNS_xyz_311.csv,I,138.66795415512783,0.00282374026734,0.9971762597326594,0.9999999999999994,-5.551115123125783e-16,True
NSNS,311,Formation_Channels_Local_Rates_NSNS_xyz_311.csv,J,236.8347991620065,0.0044392068114163,0.9955607931885831,0.9999999999999994,-5.551115123125783e-16,True
NSNS,311,Formation_Channels_Local_Rates_NSNS_xyz_311.csv,K,44.64551549843524,0.0309585506055214,0.9690414493944783,0.9999999999999998,-2.220446049250313e-16,True
NSNS,311,Formation_Channels_Local_Rates_NSNS_xyz_311.csv,L,28.161700501035437,0.0169200425238269,0.983079957476173,1.0,0.0,True
NSNS,311,Formation_Channels_Local_Rates_NSNS_xyz_311.csv,M,32.69996846836434,0.0194350949882582,0.9805649050117418,1.0,0.0,True
NSNS,311,Formation_Channels_Local_Rates_NSNS_xyz_311.csv,N,37.23652214439284,0.0267216401933267,0.9732783598066734,1.0000000000000002,2.220446049250313e-16,True
NSNS,311,Formation_Channels_Local_Rates_NSNS_xyz_311.csv,O,33.64832519997882,0.0145003599396164,0.9854996400603836,1.0,0.0,True
NSNS,311,Formation_Channels_Local_Rates_NSNS_xyz_311.csv,P,61.89942921755271,0.033402498882729,0.966597501117271,1.0,0.0,True
NSNS,311,Formation_Channels_Local_Rates_NSNS_xyz_311.csv,Q,172.69443591436243,0.127491476250865,0.8725085237491351,1.0,0.0,True
NSNS,311,Formation_Channels_Local_Rates_NSNS_xyz_311.csv,R,34.64980222337777,0.011926517788152,0.9880734822118481,1.0,0.0,True
NSNS,311,Formation_Channels_Local_Rates_NSNS_xyz_311.csv,S,30.85499540242401,0.0119474205965909,0.9880496088842372,0.9999970294808281,-2.970519171863195e-06,False
NSNS,311,Formation_Channels_Local_Rates_NSNS_xyz_311.csv,T,33.71319525838717,0.0150680165259628,0.9849319834740367,0.9999999999999994,-5.551115123125783e-16,True
NSNS,312,Formation_Channels_Local_Rates_NSNS_xyz_312.csv,A,25.646417655423143,0.005674820225343,0.9943251797746568,0.9999999999999999,-1.1102230246251565e-16,True
NSNS,312,Formation_Channels_Local_Rates_NSNS_xyz_312.csv,B,20.667687665444348,0.0730592900359822,0.9269407099640176,0.9999999999999998,-2.220446049250313e-16,True
NSNS,312,Formation_Channels_Local_Rates_NSNS_xyz_312.csv,C,21.99812853807521,0.0190906148418031,0.9809093851581969,1.0,0.0,True
NSNS,312,Formation_Channels_Local_Rates_NSNS_xyz_312.csv,D,39.29257423870571,0.0071140648379737,0.9928859019100806,0.9999999667480544,-3.325194564141043e-08,True
NSNS,312,Formation_Channels_Local_Rates_NSNS_xyz_312.csv,E,0.30317412817036,0.0,0.9999999999999998,0.9999999999999998,-2.220446049250313e-16,True
NSNS,312,Formation_Channels_Local_Rates_NSNS_xyz_312.csv,F,37.24628969425612,0.043083881246373704,0.9569161187536263,1.0,0.0,True
NSNS,312,Formation_Channels_Local_Rates_NSNS_xyz_312.csv,G,42.12855580569561,0.000197590684102,0.9998024093158979,0.9999999999999999,-1.1102230246251565e-16,True
NSNS,312,Formation_Channels_Local_Rates_NSNS_xyz_312.csv,H,12.340156021528664,0.0066936216652702,0.9932372678638965,0.9999308895291668,-6.911047083324462e-05,False
NSNS,312,Formation_Channels_Local_Rates_NSNS_xyz_312.csv,I,51.70343403909318,0.0018369802454667,0.9981630197545331,0.9999999999999999,-1.1102230246251565e-16,True
NSNS,312,Formation_Channels_Local_Rates_NSNS_xyz_312.csv,J,54.81384934197938,0.0020315921497295,0.99796840785027,0.9999999999999994,-5.551115123125783e-16,True
NSNS,312,Formation_Channels_Local_Rates_NSNS_xyz_312.csv,K,45.39872171874526,0.07399277284404801,0.9260072271559519,0.9999999999999999,-1.1102230246251565e-16,True
NSNS,312,Formation_Channels_Local_Rates_NSNS_xyz_312.csv,L,22.98806507056726,0.0058436992686147,0.994156300731385,0.9999999999999997,-3.3306690738754696e-16,True
NSNS,312,Formation_Channels_Local_Rates_NSNS_xyz_312.csv,M,25.025178068606134,0.0043704121633235,0.9956295878366763,0.9999999999999998,-2.220446049250313e-16,True
NSNS,312,Formation_Channels_Local_Rates_NSNS_xyz_312.csv,N,26.214715837639385,0.0087025911519636,0.9912974088480362,0.9999999999999998,-2.220446049250313e-16,True
NSNS,312,Formation_Channels_Local_Rates_NSNS_xyz_312.csv,O,25.31311040119,0.0058120202648668,0.994187979735133,0.9999999999999998,-2.220446049250313e-16,True
NSNS,312,Formation_Channels_Local_Rates_NSNS_xyz_312.csv,P,47.91068423524856,0.01680889571522,0.9831911042847797,0.9999999999999998,-2.220446049250313e-16,True
NSNS,312,Formation_Channels_Local_Rates_NSNS_xyz_312.csv,Q,118.23298981960907,0.0960186172906837,0.903981382709316,0.9999999999999998,-2.220446049250313e-16,True
NSNS,312,Formation_Channels_Local_Rates_NSNS_xyz_312.csv,R,25.65135627142652,0.0046749028215412,0.9953250971784586,0.9999999999999998,-2.220446049250313e-16,True
NSNS,312,Formation_Channels_Local_Rates_NSNS_xyz_312.csv,S,24.11792326913758,0.0040914072636205,0.9959084639932985,0.9999998712569189,-1.2874308108479227e-07,True
NSNS,312,Formation_Channels_Local_Rates_NSNS_xyz_312.csv,T,23.84849726851733,0.0083003840906387,0.9916996159093612,0.9999999999999999,-1.1102230246251565e-16,True
NSNS,313,Formation_Channels_Local_Rates_NSNS_xyz_313.csv,A,30.342217146139543,0.0086553494467366,0.9913446505532633,0.9999999999999999,-1.1102230246251565e-16,True
NSNS,313,Formation_Channels_Local_Rates_NSNS_xyz_313.csv,B,23.47722856925231,0.1212376963693593,0.878762303630641,1.0000000000000002,2.220446049250313e-16,True
NSNS,313,Formation_Channels_Local_Rates_NSNS_xyz_313.csv,C,25.158748721701013,0.0334442793176678,0.9665557206823321,0.9999999999999999,-1.1102230246251565e-16,True
NSNS,313,Formation_Channels_Local_Rates_NSNS_xyz_313.csv,D,55.82542612008003,0.0081311155158643,0.9918688756186637,0.999999991134528,-8.865472023167342e-09,True
NSNS,313,Formation_Channels_Local_Rates_NSNS_xyz_313.csv,E,0.5417811540925309,0.0,1.0,1.0,0.0,True
NSNS,313,Formation_Channels_Local_Rates_NSNS_xyz_313.csv,F,39.18571082765115,0.0330163091870364,0.9669836908129634,0.9999999999999998,-2.220446049250313e-16,True
NSNS,313,Formation_Channels_Local_Rates_NSNS_xyz_313.csv,G,38.54232133729153,0.0005397627758641,0.9994602372241358,0.9999999999999999,-1.1102230246251565e-16,True
NSNS,313,Formation_Channels_Local_Rates_NSNS_xyz_313.csv,H,22.67773229804069,0.0036643960609488,0.9962558582941629,0.9999202543551117,-7.974564488832936e-05,False
NSNS,313,Formation_Channels_Local_Rates_NSNS_xyz_313.csv,I,65.36741237268957,0.0027158595678375,0.9972841404321624,0.9999999999999999,-1.1102230246251565e-16,True
NSNS,313,Formation_Channels_Local_Rates_NSNS_xyz_313.csv,J,89.42892735914023,0.0014779457327803,0.9985220542672196,0.9999999999999999,-1.1102230246251565e-16,True
NSNS,313,Formation_Channels_Local_Rates_NSNS_xyz_313.csv,K,45.79241398273944,0.0509021501386219,0.9490978498613778,0.9999999999999997,-3.3306690738754696e-16,True
NSNS,313,Formation_Channels_Local_Rates_NSNS_xyz_313.csv,L,28.220329229562577,0.0067059187723399,0.99329408122766,1.0,0.0,True
NSNS,313,Formation_Channels_Local_Rates_NSNS_xyz_313.csv,M,29.79454613063684,0.0066578484874067,0.9933421515125931,0.9999999999999998,-2.220446049250313e-16,True
NSNS,313,Formation_Channels_Local_Rates_NSNS_xyz_313.csv,N,31.211235738154315,0.0115370618773911,0.9884629381226089,1.0,0.0,True
NSNS,313,Formation_Channels_Local_Rates_NSNS_xyz_313.csv,O,29.96165527932199,0.0086661791536024,0.9913338208463973,0.9999999999999997,-3.3306690738754696e-16,True
NSNS,313,Formation_Channels_Local_Rates_NSNS_xyz_313.csv,P,57.52684050168125,0.0200137446794926,0.9799862553205073,0.9999999999999999,-1.1102230246251565e-16,True
NSNS,313,Formation_Channels_Local_Rates_NSNS_xyz_313.csv,Q,162.32234675019058,0.1021996605092446,0.8978003394907551,0.9999999999999997,-3.3306690738754696e-16,True
NSNS,313,Formation_Channels_Local_Rates_NSNS_xyz_313.csv,R,30.71231026240966,0.0063916822311764,0.9936083177688235,0.9999999999999999,-1.1102230246251565e-16,True
NSNS,313,Formation_Channels_Local_Rates_NSNS_xyz_313.csv,S,27.20880832845333,0.0076302556905196,0.9923697101564627,0.9999999658469823,-3.415301774722934e-08,True
NSNS,313,Formation_Channels_Local_Rates_NSNS_xyz_313.csv,T,25.231710621633223,0.007654473896971,0.992345526103029,1.0,0.0,True
NSNS,321,Formation_Channels_Local_Rates_NSNS_xyz_321.csv,A,34.17321294991443,0.0174820342385668,0.9825179657614331,0.9999999999999999,-1.1102230246251565e-16,True
NSNS,321,Formation_Channels_Local_Rates_NSNS_xyz_321.csv,B,20.68208232784124,0.24564562088818281,0.754354379111817,0.9999999999999998,-2.220446049250313e-16,True
NSNS,321,Formation_Channels_Local_Rates_NSNS_xyz_321.csv,C,18.36734428790237,0.0812412076077312,0.918758792392269,1.0000000000000002,2.220446049250313e-16,True
NSNS,321,Formation_Channels_Local_Rates_NSNS_xyz_321.csv,D,47.09016295808948,0.015490382355859,0.9845076710575946,0.9999980534134536,-1.946586546397455e-06,False
NSNS,321,Formation_Channels_Local_Rates_NSNS_xyz_321.csv,E,1.4044370722555342,0.0,0.9999999999999998,0.9999999999999998,-2.220446049250313e-16,True
NSNS,321,Formation_Channels_Local_Rates_NSNS_xyz_321.csv,F,45.22842853582596,0.0212440451069704,0.9787559548930296,1.0,0.0,True
NSNS,321,Formation_Channels_Local_Rates_NSNS_xyz_321.csv,G,52.96351792003903,0.0008786480499087,0.9991213519500913,1.0,0.0,True
NSNS,321,Formation_Channels_Local_Rates_NSNS_xyz_321.csv,H,33.560271237353845,0.0256710272441249,0.9743256539071923,0.9999966811513172,-3.3188486827651076e-06,False
NSNS,321,Formation_Channels_Local_Rates_NSNS_xyz_321.csv,I,141.23565932153443,0.0032774896340831,0.9967225103659167,0.9999999999999999,-1.1102230246251565e-16,True
NSNS,321,Formation_Channels_Local_Rates_NSNS_xyz_321.csv,J,254.482909744486,0.0050515215443774,0.9949484784556224,0.9999999999999998,-2.220446049250313e-16,True
NSNS,321,Formation_Channels_Local_Rates_NSNS_xyz_321.csv,K,43.53844144682812,0.0314041786327851,0.9685958213672146,0.9999999999999997,-3.3306690738754696e-16,True
NSNS,321,Formation_Channels_Local_Rates_NSNS_xyz_321.csv,L,28.425477949203987,0.0169735943645723,0.9830264056354276,1.0,0.0,True
NSNS,321,Formation_Channels_Local_Rates_NSNS_xyz_321.csv,M,32.20810759507742,0.021356243247372,0.978643756752628,1.0,0.0,True
NSNS,321,Formation_Channels_Local_Rates_NSNS_xyz_321.csv,N,37.28421034538822,0.0274547558652687,0.9725452441347311,0.9999999999999998,-2.220446049250313e-16,True
NSNS,321,Formation_Channels_Local_Rates_NSNS_xyz_321.csv,O,33.688208429964384,0.0164512284152588,0.9835487715847411,0.9999999999999999,-1.1102230246251565e-16,True
NSNS,321,Formation_Channels_Local_Rates_NSNS_xyz_321.csv,P,60.93440361699271,0.0378073110995936,0.9621926889004063,0.9999999999999999,-1.1102230246251565e-16,True
NSNS,321,Formation_Channels_Local_Rates_NSNS_xyz_321.csv,Q,164.9442388724856,0.1394413994200083,0.8605586005799915,0.9999999999999998,-2.220446049250313e-16,True
NSNS,321,Formation_Channels_Local_Rates_NSNS_xyz_321.csv,R,34.57416242932617,0.0138985563565004,0.9861014436434994,0.9999999999999998,-2.220446049250313e-16,True
NSNS,321,Formation_Channels_Local_Rates_NSNS_xyz_321.csv,S,30.899484384478207,0.0116479238577264,0.9883433559239494,0.9999912797816758,-8.720218324209661e-06,False
NSNS,321,Formation_Channels_Local_Rates_NSNS_xyz_321.csv,T,32.95361268604035,0.0155822695767551,0.9844177304232448,0.9999999999999999,-1.1102230246251565e-16,True
NSNS,322,Formation_Channels_Local_Rates_NSNS_xyz_322.csv,A,26.04504848823485,0.0080862526718366,0.9919137473281632,0.9999999999999998,-2.220446049250313e-16,True
NSNS,322,Formation_Channels_Local_Rates_NSNS_xyz_322.csv,B,20.33521684158288,0.0913901122938205,0.9086098877061796,1.0,0.0,True
NSNS,322,Formation_Channels_Local_Rates_NSNS_xyz_322.csv,C,20.646916877327342,0.0272443875166322,0.9727556124833677,0.9999999999999999,-1.1102230246251565e-16,True
NSNS,322,Formation_Channels_Local_Rates_NSNS_xyz_322.csv,D,39.14322147846462,0.0087682095526985,0.9912315411059689,0.9999997506586674,-2.493413325810323e-07,True
NSNS,322,Formation_Channels_Local_Rates_NSNS_xyz_322.csv,E,0.4835724981617049,0.0,0.9999999999999998,0.9999999999999998,-2.220446049250313e-16,True
NSNS,322,Formation_Channels_Local_Rates_NSNS_xyz_322.csv,F,37.94195757230443,0.0407395845710224,0.959260415428977,0.9999999999999994,-5.551115123125783e-16,True
NSNS,322,Formation_Channels_Local_Rates_NSNS_xyz_322.csv,G,40.660126621622695,0.0002970479504807,0.9997029520495192,0.9999999999999999,-1.1102230246251565e-16,True
NSNS,322,Formation_Channels_Local_Rates_NSNS_xyz_322.csv,H,15.50403677509339,0.0149334999265899,0.9850168212305755,0.9999503211571654,-4.967884283457735e-05,False
NSNS,322,Formation_Channels_Local_Rates_NSNS_xyz_322.csv,I,60.28099155303081,0.0022819670720636,0.9977180329279365,1.0,0.0,True
NSNS,322,Formation_Channels_Local_Rates_NSNS_xyz_322.csv,J,91.07256599499829,0.0038081318906438002,0.996191868109356,0.9999999999999998,-2.220446049250313e-16,True
NSNS,322,Formation_Channels_Local_Rates_NSNS_xyz_322.csv,K,44.43285504930872,0.06864673817580069,0.9313532618241991,0.9999999999999998,-2.220446049250313e-16,True
NSNS,322,Formation_Channels_Local_Rates_NSNS_xyz_322.csv,L,23.24176227058268,0.0076811204865723,0.9923188795134276,0.9999999999999999,-1.1102230246251565e-16,True
NSNS,322,Formation_Channels_Local_Rates_NSNS_xyz_322.csv,M,25.449237635532377,0.0076310720293457,0.9923689279706538,0.9999999999999994,-5.551115123125783e-16,True
NSNS,322,Formation_Channels_Local_Rates_NSNS_xyz_322.csv,N,27.029860997696,0.0131415503269518,0.986858449673048,0.9999999999999998,-2.220446049250313e-16,True
NSNS,322,Formation_Channels_Local_Rates_NSNS_xyz_322.csv,O,25.736927860550036,0.0081540788406922,0.9918459211593078,1.0,0.0,True
NSNS,322,Formation_Channels_Local_Rates_NSNS_xyz_322.csv,P,48.52774537260798,0.0224739498781826,0.9775260501218173,0.9999999999999999,-1.1102230246251565e-16,True
NSNS,322,Formation_Channels_Local_Rates_NSNS_xyz_322.csv,Q,119.95112456388983,0.1081847270344164,0.8918152729655838,1.0000000000000002,2.220446049250313e-16,True
NSNS,322,Formation_Channels_Local_Rates_NSNS_xyz_322.csv,R,26.198199712544955,0.0062729437003046,0.9937270562996954,1.0,0.0,True
NSNS,322,Formation_Channels_Local_Rates_NSNS_xyz_322.csv,S,24.59912893057529,0.0061810349037891,0.9938178263880826,0.9999988612918717,-1.1387081283453782e-06,False
NSNS,322,Formation_Channels_Local_Rates_NSNS_xyz_322.csv,T,24.823436494706694,0.0101248104134394,0.9898751895865603,0.9999999999999997,-3.3306690738754696e-16,True
NSNS,323,Formation_Channels_Local_Rates_NSNS_xyz_323.csv,A,29.78025896046581,0.0098362127850741,0.9901637872149257,0.9999999999999998,-2.220446049250313e-16,True
NSNS,323,Formation_Channels_Local_Rates_NSNS_xyz_323.csv,B,22.43632864175681,0.13262645885288452,0.8673735411471154,0.9999999999999999,-1.1102230246251565e-16,True
NSNS,323,Formation_Channels_Local_Rates_NSNS_xyz_323.csv,C,22.975504041487763,0.0383821084675927,0.9616178915324072,0.9999999999999999,-1.1102230246251565e-16,True
NSNS,323,Formation_Channels_Local_Rates_NSNS_xyz_323.csv,D,51.029224079570696,0.0096163903803974,0.9903834992060001,0.9999998895863975,-1.1041360248320586e-07,True
NSNS,323,Formation_Channels_Local_Rates_NSNS_xyz_323.csv,E,0.7178948894707036,0.0,0.9999999999999998,0.9999999999999998,-2.220446049250313e-16,True
NSNS,323,Formation_Channels_Local_Rates_NSNS_xyz_323.csv,F,40.08312355756162,0.032312307772733403,0.9676876922272667,1.0,0.0,True
NSNS,323,Formation_Channels_Local_Rates_NSNS_xyz_323.csv,G,38.26065694081878,0.0006065350953599,0.99939346490464,0.9999999999999999,-1.1102230246251565e-16,True
NSNS,323,Formation_Channels_Local_Rates_NSNS_xyz_323.csv,H,24.52349630350354,0.0108257581189638,0.9891166088994866,0.9999423670184504,-5.763298154959351e-05,False
NSNS,323,Formation_Channels_Local_Rates_NSNS_xyz_323.csv,I,72.78301483193466,0.002812139150066,0.997187860849934,1.0,0.0,True
NSNS,323,Formation_Channels_Local_Rates_NSNS_xyz_323.csv,J,119.10485114741525,0.0029680344358821,0.9970319655641178,0.9999999999999999,-1.1102230246251565e-16,True
NSNS,323,Formation_Channels_Local_Rates_NSNS_xyz_323.csv,K,44.78355080882257,0.0496861303499217,0.950313869650078,0.9999999999999998,-2.220446049250313e-16,True
NSNS,323,Formation_Channels_Local_Rates_NSNS_xyz_323.csv,L,27.200771228299725,0.008894894787364,0.991105105212636,1.0,0.0,True
NSNS,323,Formation_Channels_Local_Rates_NSNS_xyz_323.csv,M,29.346246235858324,0.0095816998436944,0.9904183001563056,1.0,0.0,True
NSNS,323,Formation_Channels_Local_Rates_NSNS_xyz_323.csv,N,31.15454197162597,0.0156540198202654,0.9843459801797345,0.9999999999999999,-1.1102230246251565e-16,True
NSNS,323,Formation_Channels_Local_Rates_NSNS_xyz_323.csv,O,29.4159373663042,0.0097815081599354,0.9902184918400645,0.9999999999999999,-1.1102230246251565e-16,True
NSNS,323,Formation_Channels_Local_Rates_NSNS_xyz_323.csv,P,56.21530667956238,0.0239598301095988,0.9760401698904009,0.9999999999999997,-3.3306690738754696e-16,True
NSNS,323,Formation_Channels_Local_Rates_NSNS_xyz_323.csv,Q,155.4937540639735,0.1081095535543846,0.8918904464456152,0.9999999999999998,-2.220446049250313e-16,True
NSNS,323,Formation_Channels_Local_Rates_NSNS_xyz_323.csv,R,30.26904633223933,0.0077441390087374,0.9922558609912625,0.9999999999999999,-1.1102230246251565e-16,True
NSNS,323,Formation_Channels_Local_Rates_NSNS_xyz_323.csv,S,27.22281757803325,0.0085487620817769,0.9914507319631936,0.9999994940449705,-5.059550295394288e-07,True
NSNS,323,Formation_Channels_Local_Rates_NSNS_xyz_323.csv,T,26.19711994808044,0.009747828663959,0.990252171336041,1.0,0.0,True
NSNS,331,Formation_Channels_Local_Rates_NSNS_xyz_331.csv,A,33.150097902198965,0.0183358560153472,0.9816641439846523,0.9999999999999994,-5.551115123125783e-16,True
NSNS,331,Formation_Channels_Local_Rates_NSNS_xyz_331.csv,B,20.34193260958696,0.2568175084735055,0.7431824915264945,1.0,0.0,True
NSNS,331,Formation_Channels_Local_Rates_NSNS_xyz_331.csv,C,16.99510109929269,0.0881972927590186,0.9118027072409816,1.0000000000000002,2.220446049250313e-16,True
NSNS,331,Formation_Channels_Local_Rates_NSNS_xyz_331.csv,D,44.06426512529939,0.0162969522725591,0.9837013265475707,0.9999982788201298,-1.7211798701843861e-06,False
NSNS,331,Formation_Channels_Local_Rates_NSNS_xyz_331.csv,E,1.416211097165314,0.0,1.0,1.0,0.0,True
NSNS,331,Formation_Channels_Local_Rates_NSNS_xyz_331.csv,F,45.898576597808585,0.022183557997139502,0.9778164420028603,0.9999999999999998,-2.220446049250313e-16,True
NSNS,331,Formation_Channels_Local_Rates_NSNS_xyz_331.csv,G,52.67572461306678,0.0009057622643132,0.9990942377356865,0.9999999999999997,-3.3306690738754696e-16,True
NSNS,331,Formation_Channels_Local_Rates_NSNS_xyz_331.csv,H,33.38153286191921,0.0266276133851833,0.97337018526308,0.9999977986482632,-2.201351736785817e-06,False
NSNS,331,Formation_Channels_Local_Rates_NSNS_xyz_331.csv,I,143.10066518155992,0.0031974378493008,0.9968025621506993,1.0,0.0,True
NSNS,331,Formation_Channels_Local_Rates_NSNS_xyz_331.csv,J,270.76260505287263,0.005099761378805,0.9949002386211945,0.9999999999999994,-5.551115123125783e-16,True
NSNS,331,Formation_Channels_Local_Rates_NSNS_xyz_331.csv,K,42.83063835373082,0.0323526046896086,0.9676473953103912,0.9999999999999998,-2.220446049250313e-16,True
NSNS,331,Formation_Channels_Local_Rates_NSNS_xyz_331.csv,L,27.113205358504896,0.0181754414986957,0.9818245585013041,0.9999999999999998,-2.220446049250313e-16,True
NSNS,331,Formation_Channels_Local_Rates_NSNS_xyz_331.csv,M,31.04461561833518,0.0224252819730622,0.9775747180269374,0.9999999999999996,-4.440892098500626e-16,True
NSNS,331,Formation_Channels_Local_Rates_NSNS_xyz_331.csv,N,36.274827261898686,0.028669699154521302,0.9713303008454788,1.0,0.0,True
NSNS,331,Formation_Channels_Local_Rates_NSNS_xyz_331.csv,O,32.66411328422145,0.0173290459783775,0.9826709540216221,0.9999999999999996,-4.440892098500626e-16,True
NSNS,331,Formation_Channels_Local_Rates_NSNS_xyz_331.csv,P,58.73653212696895,0.040074238930692,0.9599257610693076,0.9999999999999996,-4.440892098500626e-16,True
NSNS,331,Formation_Channels_Local_Rates_NSNS_xyz_331.csv,Q,157.90335415464168,0.1486996069783412,0.8513003930216585,0.9999999999999997,-3.3306690738754696e-16,True
NSNS,331,Formation_Channels_Local_Rates_NSNS_xyz_331.csv,R,33.37335052795903,0.0145065082169449,0.9854934917830551,1.0,0.0,True
NSNS,331,Formation_Channels_Local_Rates_NSNS_xyz_331.csv,S,29.98813011031014,0.0113732492896339,0.9886196583950163,0.9999929076846502,-7.092315349788159e-06,False
NSNS,331,Formation_Channels_Local_Rates_NSNS_xyz_331.csv,T,32.83119339945279,0.0163957573385689,0.983604242661431,0.9999999999999999,-1.1102230246251565e-16,True
NSNS,332,Formation_Channels_Local_Rates_NSNS_xyz_332.csv,A,25.965346054744984,0.0088445206651262,0.9911554793348736,0.9999999999999998,-2.220446049250313e-16,True
NSNS,332,Formation_Channels_Local_Rates_NSNS_xyz_332.csv,B,20.36064405466476,0.0919221871651827,0.9080778128348173,1.0,0.0,True
NSNS,332,Formation_Channels_Local_Rates_NSNS_xyz_332.csv,C,20.38772138206876,0.028750429828195,0.971249570171805,1.0,0.0,True
NSNS,332,Formation_Channels_Local_Rates_NSNS_xyz_332.csv,D,39.6778410363164,0.0093599826932234,0.990639750127388,0.9999997328206114,-2.6717938861331447e-07,True
NSNS,332,Formation_Channels_Local_Rates_NSNS_xyz_332.csv,E,0.5044275330753942,0.0,0.9999999999999997,0.9999999999999997,-3.3306690738754696e-16,True
NSNS,332,Formation_Channels_Local_Rates_NSNS_xyz_332.csv,F,37.66749377309272,0.0402161245596418,0.959783875440358,0.9999999999999998,-2.220446049250313e-16,True
NSNS,332,Formation_Channels_Local_Rates_NSNS_xyz_332.csv,G,39.29868049775051,0.0003015734932897,0.9996984265067104,1.0,0.0,True
NSNS,332,Formation_Channels_Local_Rates_NSNS_xyz_332.csv,H,15.982510535214862,0.0154240449923191,0.9845227672588986,0.9999468122512177,-5.318774878226851e-05,False
NSNS,332,Formation_Channels_Local_Rates_NSNS_xyz_332.csv,I,60.07307901368182,0.0024283210744253,0.9975716789255747,1.0,0.0,True
NSNS,332,Formation_Channels_Local_Rates_NSNS_xyz_332.csv,J,99.08768283377916,0.0037630032926154995,0.9962369967073839,0.9999999999999993,-6.661338147750939e-16,True
NSNS,332,Formation_Channels_Local_Rates_NSNS_xyz_332.csv,K,43.9995182716465,0.0666076476147427,0.933392352385257,0.9999999999999997,-3.3306690738754696e-16,True
NSNS,332,Formation_Channels_Local_Rates_NSNS_xyz_332.csv,L,23.20800685024405,0.0079800328355026,0.992019967164497,0.9999999999999997,-3.3306690738754696e-16,True
NSNS,332,Formation_Channels_Local_Rates_NSNS_xyz_332.csv,M,25.337113137014047,0.0080730658674364,0.9919269341325634,0.9999999999999998,-2.220446049250313e-16,True
NSNS,332,Formation_Channels_Local_Rates_NSNS_xyz_332.csv,N,26.99141774740802,0.013966346291906899,0.9860336537080929,0.9999999999999998,-2.220446049250313e-16,True
NSNS,332,Formation_Channels_Local_Rates_NSNS_xyz_332.csv,O,25.651228726595324,0.0089488171845301,0.9910511828154696,0.9999999999999997,-3.3306690738754696e-16,True
NSNS,332,Formation_Channels_Local_Rates_NSNS_xyz_332.csv,P,48.2865702346359,0.023777651155949,0.9762223488440509,0.9999999999999999,-1.1102230246251565e-16,True
NSNS,332,Formation_Channels_Local_Rates_NSNS_xyz_332.csv,Q,119.64920954012744,0.113094382257856,0.8869056177421439,0.9999999999999999,-1.1102230246251565e-16,True
NSNS,332,Formation_Channels_Local_Rates_NSNS_xyz_332.csv,R,26.066845009497737,0.0067226134870168,0.9932773865129831,0.9999999999999999,-1.1102230246251565e-16,True
NSNS,332,Formation_Channels_Local_Rates_NSNS_xyz_332.csv,S,24.51594684703446,0.0067586106030992,0.9932401321861206,0.9999987427892199,-1.2572107801478438e-06,False
NSNS,332,Formation_Channels_Local_Rates_NSNS_xyz_332.csv,T,24.734164546479636,0.0104788336801921,0.9895211663198078,0.9999999999999999,-1.1102230246251565e-16,True
NSNS,333,Formation_Channels_Local_Rates_NSNS_xyz_333.csv,A,30.07378223552401,0.0105946041273235,0.9894053958726763,0.9999999999999998,-2.220446049250313e-16,True
NSNS,333,Formation_Channels_Local_Rates_NSNS_xyz_333.csv,B,22.4328199869566,0.1364039514194933,0.8635960485805064,0.9999999999999998,-2.220446049250313e-16,True
NSNS,333,Formation_Channels_Local_Rates_NSNS_xyz_333.csv,C,22.963549076622616,0.040518022748767,0.9594819772512326,0.9999999999999997,-3.3306690738754696e-16,True
NSNS,333,Formation_Channels_Local_Rates_NSNS_xyz_333.csv,D,52.38522599132234,0.0101496711366362,0.9898501639260446,0.9999998350626809,-1.6493731913591603e-07,True
NSNS,333,Formation_Channels_Local_Rates_NSNS_xyz_333.csv,E,0.7587047199623073,0.0,1.0,1.0,0.0,True
NSNS,333,Formation_Channels_Local_Rates_NSNS_xyz_333.csv,F,40.05518039184137,0.030785457133468398,0.9692145428665313,0.9999999999999997,-3.3306690738754696e-16,True
NSNS,333,Formation_Channels_Local_Rates_NSNS_xyz_333.csv,G,37.08148831605346,0.0006606139302177,0.9993393860697822,0.9999999999999999,-1.1102230246251565e-16,True
NSNS,333,Formation_Channels_Local_Rates_NSNS_xyz_333.csv,H,25.8019740343959,0.0113689057261164,0.9885771937694388,0.9999460994955551,-5.390050444487038e-05,False
NSNS,333,Formation_Channels_Local_Rates_NSNS_xyz_333.csv,I,73.97934927100215,0.0030392215576917,0.9969607784423077,0.9999999999999993,-6.661338147750939e-16,True
NSNS,333,Formation_Channels_Local_Rates_NSNS_xyz_333.csv,J,127.2941719671683,0.0029867947294386,0.9970132052705614,1.0,0.0,True
NSNS,333,Formation_Channels_Local_Rates_NSNS_xyz_333.csv,K,44.253106501214006,0.046379906940274995,0.9536200930597251,1.0,0.0,True
NSNS,333,Formation_Channels_Local_Rates_NSNS_xyz_333.csv,L,27.64058441315716,0.0095771330732048,0.9904228669267952,1.0,0.0,True
NSNS,333,Formation_Channels_Local_Rates_NSNS_xyz_333.csv,M,29.69641323666413,0.0103344755516885,0.9896655244483115,1.0,0.0,True
NSNS,333,Formation_Channels_Local_Rates_NSNS_xyz_333.csv,N,31.57834573988855,0.0166880905955565,0.9833119094044436,1.0,0.0,True
NSNS,333,Formation_Channels_Local_Rates_NSNS_xyz_333.csv,O,29.689942890543517,0.0105369997405385,0.9894630002594614,0.9999999999999999,-1.1102230246251565e-16,True
NSNS,333,Formation_Channels_Local_Rates_NSNS_xyz_333.csv,P,56.84128214829692,0.0249971315800131,0.9750028684199866,0.9999999999999998,-2.220446049250313e-16,True
NSNS,333,Formation_Channels_Local_Rates_NSNS_xyz_333.csv,Q,159.34107250949728,0.1097852643678891,0.8902147356321106,0.9999999999999998,-2.220446049250313e-16,True
NSNS,333,Formation_Channels_Local_Rates_NSNS_xyz_333.csv,R,30.665431227270144,0.0084563950308613,0.9915436049691384,0.9999999999999997,-3.3306690738754696e-16,True
NSNS,333,Formation_Channels_Local_Rates_NSNS_xyz_333.csv,S,27.551996576248268,0.0093353900224421,0.9906637579074207,0.9999991479298628,-8.520701372249917e-07,True
NSNS,333,Formation_Channels_Local_Rates_NSNS_xyz_333.csv,T,26.30854252375405,0.0101919757779129,0.9898080242220871,1.0,0.0,True
